"","support_tree1","occurrence_tree2","Dataset","optimality"
"2...1",100,1,1,"MP"
"3...2",100,1,1,"MP"
"4...3",99,1,1,"MP"
"5...4",100,1,1,"MP"
"6...5",98,0,1,"MP"
"7...6",98,0,1,"MP"
"8...7",60,0,1,"MP"
"210...8",100,1,2,"MP"
"310...9",99,1,2,"MP"
"410...10",99,1,2,"MP"
"510...11",66,1,2,"MP"
"610...12",59,1,2,"MP"
"710...13",60,1,2,"MP"
"810...14",100,1,2,"MP"
"9...15",61,1,2,"MP"
"10...16",56,1,2,"MP"
"11...17",55,1,2,"MP"
"12...18",99,1,2,"MP"
"13...19",100,1,2,"MP"
"14...20",94,1,2,"MP"
"15...21",100,1,2,"MP"
"16...22",81,1,2,"MP"
"17...23",99,1,2,"MP"
"18...24",100,1,2,"MP"
"19...25",68,1,2,"MP"
"20...26",98,1,2,"MP"
"21...27",99,1,2,"MP"
"22...28",99,1,2,"MP"
"23...29",81,1,2,"MP"
"24...30",100,1,2,"MP"
"25...31",75,1,2,"MP"
"26...32",99,1,2,"MP"
"27...33",98,1,2,"MP"
"28...34",100,1,2,"MP"
"29...35",100,1,2,"MP"
"30...36",88,1,2,"MP"
"31...37",99,1,2,"MP"
"32...38",99,1,2,"MP"
"33...39",78,1,2,"MP"
"34...40",99,1,2,"MP"
"35...41",94,1,2,"MP"
"36...42",100,1,2,"MP"
"37...43",100,1,2,"MP"
"38...44",100,1,2,"MP"
"39...45",99,1,2,"MP"
"40...46",85,1,2,"MP"
"41...47",99,1,2,"MP"
"42...48",100,1,2,"MP"
"43...49",92,1,2,"MP"
"44...50",97,1,2,"MP"
"45...51",98,1,2,"MP"
"46...52",100,1,2,"MP"
"47...53",70,1,2,"MP"
"48...54",100,1,2,"MP"
"49...55",93,1,2,"MP"
"50...56",100,1,2,"MP"
"51...57",75,1,2,"MP"
"52...58",100,1,2,"MP"
"53...59",60,1,2,"MP"
"54...60",68,1,2,"MP"
"55...61",50,1,2,"MP"
"56...62",99,1,2,"MP"
"57...63",97,1,2,"MP"
"58...64",100,1,2,"MP"
"59...65",100,1,2,"MP"
"60...66",100,1,2,"MP"
"61...67",60,1,2,"MP"
"62...68",100,1,2,"MP"
"63...69",100,1,2,"MP"
"64...70",99,1,2,"MP"
"65...71",58,1,2,"MP"
"66...72",99,1,2,"MP"
"67...73",100,1,2,"MP"
"68...74",85,1,2,"MP"
"69...75",100,1,2,"MP"
"70...76",99,1,2,"MP"
"71...77",81,1,2,"MP"
"72...78",100,1,2,"MP"
"73...79",66,1,2,"MP"
"74...80",55,1,2,"MP"
"75...81",100,1,2,"MP"
"76...82",55,1,2,"MP"
"77...83",90,1,2,"MP"
"78...84",100,1,2,"MP"
"79...85",100,1,2,"MP"
"80...86",100,1,2,"MP"
"81...87",98,1,2,"MP"
"82...88",62,1,2,"MP"
"83...89",100,1,2,"MP"
"84...90",100,1,2,"MP"
"85...91",66,1,2,"MP"
"86...92",100,1,2,"MP"
"87...93",100,1,2,"MP"
"88...94",71,1,2,"MP"
"89...95",100,1,2,"MP"
"90...96",100,1,2,"MP"
"91...97",98,1,2,"MP"
"92...98",100,1,2,"MP"
"93...99",99,1,2,"MP"
"94...100",79,1,2,"MP"
"95...101",100,1,2,"MP"
"96...102",97,1,2,"MP"
"97...103",67,1,2,"MP"
"98...104",99,1,2,"MP"
"99...105",65,1,2,"MP"
"100...106",87,1,2,"MP"
"101...107",97,1,2,"MP"
"102...108",100,1,2,"MP"
"103...109",64,1,2,"MP"
"104...110",100,1,2,"MP"
"105...111",100,1,2,"MP"
"106...112",93,1,2,"MP"
"107...113",68,1,2,"MP"
"108...114",90,1,2,"MP"
"109...115",87,1,2,"MP"
"110...116",50,1,2,"MP"
"111...117",90,1,2,"MP"
"112...118",90,1,2,"MP"
"113...119",74,1,2,"MP"
"114...120",82,1,2,"MP"
"115...121",85,1,2,"MP"
"116...122",52,1,2,"MP"
"117...123",70,1,2,"MP"
"118...124",76,1,2,"MP"
"119...125",97,1,2,"MP"
"120...126",99,1,2,"MP"
"121...127",81,1,2,"MP"
"122...128",99,1,2,"MP"
"123...129",73,1,2,"MP"
"124...130",59,1,2,"MP"
"125...131",99,1,2,"MP"
"126...132",56,1,2,"MP"
"127...133",71,1,2,"MP"
"128...134",69,1,2,"MP"
"129...135",97,1,2,"MP"
"130...136",100,1,2,"MP"
"131...137",100,1,2,"MP"
"132...138",83,1,2,"MP"
"133...139",100,1,2,"MP"
"134...140",100,1,2,"MP"
"135...141",64,1,2,"MP"
"136...142",80,1,2,"MP"
"137...143",100,1,2,"MP"
"138...144",90,1,2,"MP"
"139...145",98,1,2,"MP"
"140...146",99,1,2,"MP"
"141...147",100,1,2,"MP"
"142...148",100,1,2,"MP"
"143...149",100,1,2,"MP"
"144...150",100,1,2,"MP"
"145...151",63,1,2,"MP"
"146...152",100,1,2,"MP"
"147...153",98,1,2,"MP"
"148...154",99,1,2,"MP"
"149...155",79,1,2,"MP"
"150...156",64,1,2,"MP"
"151...157",97,1,2,"MP"
"152...158",100,1,2,"MP"
"153...159",57,1,2,"MP"
"154...160",79,1,2,"MP"
"155...161",69,1,2,"MP"
"156...162",100,1,2,"MP"
"157...163",99,1,2,"MP"
"158...164",71,1,2,"MP"
"159...165",93,1,2,"MP"
"160...166",56,1,2,"MP"
"161...167",98,1,2,"MP"
"162...168",99,1,2,"MP"
"163...169",100,1,2,"MP"
"164...170",100,1,2,"MP"
"165...171",99,1,2,"MP"
"166...172",92,1,2,"MP"
"167...173",100,1,2,"MP"
"168...174",96,1,2,"MP"
"169...175",97,1,2,"MP"
"170...176",50,1,2,"MP"
"171...177",100,1,2,"MP"
"172...178",99,1,2,"MP"
"173...179",100,1,2,"MP"
"174...180",94,1,2,"MP"
"175...181",99,1,2,"MP"
"176...182",99,1,2,"MP"
"177...183",100,1,2,"MP"
"178...184",100,1,2,"MP"
"179...185",99,1,2,"MP"
"180...186",99,1,2,"MP"
"181...187",96,1,2,"MP"
"182...188",85,1,2,"MP"
"183...189",63,1,2,"MP"
"184...190",99,1,2,"MP"
"185...191",99,1,2,"MP"
"186...192",95,1,2,"MP"
"187...193",51,0,2,"MP"
"188...194",100,0,2,"MP"
"189...195",100,0,2,"MP"
"190...196",54,0,2,"MP"
"211...197",100,1,3,"MP"
"311...198",93,1,3,"MP"
"411...199",100,1,3,"MP"
"511...200",100,1,3,"MP"
"611...201",97,1,3,"MP"
"711...202",97,1,3,"MP"
"811...203",100,1,3,"MP"
"910...204",90,1,3,"MP"
"1010...205",92,1,3,"MP"
"1110...206",100,1,3,"MP"
"1210...207",99,1,3,"MP"
"1310...208",81,1,3,"MP"
"1410...209",53,1,3,"MP"
"1510...210",51,1,3,"MP"
"1610...211",100,1,3,"MP"
"1710...212",95,1,3,"MP"
"1810...213",84,1,3,"MP"
"191...214",100,1,3,"MP"
"201...215",100,1,3,"MP"
"212...216",100,1,3,"MP"
"221...217",100,1,3,"MP"
"231...218",99,1,3,"MP"
"241...219",100,1,3,"MP"
"251...220",100,1,3,"MP"
"261...221",100,1,3,"MP"
"213...222",100,1,4,"MP"
"312...223",85,1,4,"MP"
"412...224",99,1,4,"MP"
"512...225",100,1,4,"MP"
"612...226",100,1,4,"MP"
"712...227",61,1,4,"MP"
"812...228",94,1,4,"MP"
"911...229",96,1,4,"MP"
"1011...230",100,1,4,"MP"
"1111...231",98,1,4,"MP"
"1211...232",60,1,4,"MP"
"1311...233",70,1,4,"MP"
"1411...234",58,1,4,"MP"
"1511...235",98,1,4,"MP"
"1611...236",57,1,4,"MP"
"1711...237",51,1,4,"MP"
"1811...238",67,0,4,"MP"
"192...239",93,0,4,"MP"
"202...240",53,0,4,"MP"
"214...241",50,0,4,"MP"
"222...242",55,0,4,"MP"
"215...243",100,1,5,"MP"
"313...244",95,1,5,"MP"
"413...245",83,1,5,"MP"
"513...246",100,1,5,"MP"
"613...247",99,1,5,"MP"
"713...248",72,1,5,"MP"
"813...249",94,1,5,"MP"
"912...250",51,1,5,"MP"
"1012...251",98,0,5,"MP"
"1112...252",54,0,5,"MP"
"1212...253",52,0,5,"MP"
"216...254",100,1,6,"MP"
"314...255",100,1,6,"MP"
"414...256",100,1,6,"MP"
"514...257",86,1,6,"MP"
"614...258",85,1,6,"MP"
"714...259",93,1,6,"MP"
"814...260",78,1,6,"MP"
"913...261",99,1,6,"MP"
"1013...262",92,1,6,"MP"
"1113...263",99,1,6,"MP"
"1213...264",94,1,6,"MP"
"1312...265",97,1,6,"MP"
"1412...266",99,1,6,"MP"
"1512...267",99,1,6,"MP"
"1612...268",98,1,6,"MP"
"1712...269",92,1,6,"MP"
"1812...270",100,1,6,"MP"
"193...271",100,1,6,"MP"
"203...272",58,1,6,"MP"
"217...273",100,1,6,"MP"
"223...274",58,1,6,"MP"
"232...275",93,1,6,"MP"
"242...276",72,1,6,"MP"
"252...277",56,1,6,"MP"
"262...278",97,1,6,"MP"
"271...279",91,1,6,"MP"
"281...280",99,1,6,"MP"
"291...281",73,1,6,"MP"
"301...282",89,1,6,"MP"
"315...283",99,1,6,"MP"
"321...284",58,1,6,"MP"
"331...285",88,1,6,"MP"
"341...286",90,1,6,"MP"
"351...287",58,1,6,"MP"
"361...288",74,1,6,"MP"
"371...289",100,1,6,"MP"
"381...290",100,1,6,"MP"
"391...291",99,1,6,"MP"
"401...292",100,1,6,"MP"
"415...293",100,1,6,"MP"
"421...294",100,1,6,"MP"
"431...295",100,1,6,"MP"
"441...296",99,1,6,"MP"
"451...297",100,1,6,"MP"
"461...298",50,1,6,"MP"
"471...299",96,1,6,"MP"
"481...300",100,1,6,"MP"
"491...301",100,1,6,"MP"
"501...302",100,1,6,"MP"
"515...303",65,1,6,"MP"
"521...304",100,1,6,"MP"
"531...305",100,1,6,"MP"
"541...306",98,1,6,"MP"
"551...307",100,1,6,"MP"
"561...308",100,1,6,"MP"
"571...309",100,1,6,"MP"
"581...310",62,1,6,"MP"
"591...311",80,1,6,"MP"
"601...312",99,1,6,"MP"
"615...313",100,1,6,"MP"
"621...314",100,1,6,"MP"
"631...315",77,1,6,"MP"
"641...316",80,1,6,"MP"
"651...317",56,1,6,"MP"
"661...318",93,1,6,"MP"
"671...319",97,1,6,"MP"
"681...320",85,1,6,"MP"
"691...321",99,1,6,"MP"
"701...322",100,1,6,"MP"
"715...323",78,1,6,"MP"
"721...324",91,1,6,"MP"
"731...325",91,1,6,"MP"
"741...326",82,1,6,"MP"
"751...327",95,1,6,"MP"
"761...328",67,1,6,"MP"
"771...329",81,1,6,"MP"
"781...330",99,1,6,"MP"
"791...331",99,1,6,"MP"
"801...332",100,1,6,"MP"
"815...333",100,1,6,"MP"
"821...334",99,1,6,"MP"
"831...335",98,1,6,"MP"
"841...336",97,1,6,"MP"
"851...337",99,1,6,"MP"
"861...338",100,1,6,"MP"
"871...339",100,1,6,"MP"
"881...340",100,1,6,"MP"
"891...341",79,1,6,"MP"
"901...342",100,1,6,"MP"
"914...343",100,1,6,"MP"
"921...344",50,0,6,"MP"
"931...345",52,0,6,"MP"
"941...346",50,0,6,"MP"
"951...347",51,0,6,"MP"
"961...348",55,0,6,"MP"
"218...349",100,1,7,"MP"
"316...350",89,1,7,"MP"
"416...351",96,1,7,"MP"
"516...352",94,1,7,"MP"
"616...353",99,1,7,"MP"
"716...354",80,1,7,"MP"
"816...355",100,1,7,"MP"
"915...356",99,1,7,"MP"
"1014...357",100,1,7,"MP"
"1114...358",95,1,7,"MP"
"1214...359",99,1,7,"MP"
"1313...360",56,1,7,"MP"
"1413...361",98,1,7,"MP"
"1513...362",75,1,7,"MP"
"1613...363",100,1,7,"MP"
"1713...364",53,1,7,"MP"
"1813...365",100,1,7,"MP"
"194...366",57,0,7,"MP"
"204...367",98,0,7,"MP"
"219...368",51,0,7,"MP"
"224...369",50,0,7,"MP"
"233...370",100,0,7,"MP"
"220...371",100,1,8,"MP"
"317...372",52,1,8,"MP"
"417...373",99,1,8,"MP"
"517...374",80,1,8,"MP"
"617...375",53,1,8,"MP"
"717...376",67,1,8,"MP"
"817...377",66,1,8,"MP"
"916...378",100,1,8,"MP"
"1015...379",89,1,8,"MP"
"1115...380",68,1,8,"MP"
"1215...381",99,1,8,"MP"
"1314...382",82,1,8,"MP"
"1414...383",83,1,8,"MP"
"1514...384",54,1,8,"MP"
"1614...385",75,1,8,"MP"
"1714...386",97,1,8,"MP"
"1814...387",80,1,8,"MP"
"195...388",100,1,8,"MP"
"205...389",89,1,8,"MP"
"2110...390",77,1,8,"MP"
"225...391",70,1,8,"MP"
"234...392",100,1,8,"MP"
"243...393",100,1,8,"MP"
"253...394",51,0,8,"MP"
"263...395",92,0,8,"MP"
"272...396",74,0,8,"MP"
"282...397",63,0,8,"MP"
"292...398",79,0,8,"MP"
"302...399",58,0,8,"MP"
"318...400",81,0,8,"MP"
"322...401",94,0,8,"MP"
"332...402",59,0,8,"MP"
"342...403",94,0,8,"MP"
"352...404",57,0,8,"MP"
"362...405",57,0,8,"MP"
"372...406",57,0,8,"MP"
"226...407",100,1,9,"MP"
"319...408",100,1,9,"MP"
"418...409",98,1,9,"MP"
"518...410",100,1,9,"MP"
"618...411",90,1,9,"MP"
"718...412",100,1,9,"MP"
"818...413",100,1,9,"MP"
"917...414",100,0,9,"MP"
"1016...415",100,0,9,"MP"
"1116...416",100,0,9,"MP"
"1216...417",100,0,9,"MP"
"1315...418",100,0,9,"MP"
"1415...419",100,0,9,"MP"
"1515...420",99,0,9,"MP"
"1615...421",100,0,9,"MP"
"1715...422",100,0,9,"MP"
"1815...423",100,0,9,"MP"
"196...424",93,0,9,"MP"
"206...425",100,0,9,"MP"
"2111...426",99,0,9,"MP"
"227...427",96,0,9,"MP"
"235...428",100,0,9,"MP"
"244...429",100,0,9,"MP"
"254...430",100,0,9,"MP"
"264...431",100,0,9,"MP"
"273...432",100,0,9,"MP"
"283...433",100,0,9,"MP"
"293...434",100,0,9,"MP"
"303...435",100,0,9,"MP"
"3110...436",100,0,9,"MP"
"323...437",100,0,9,"MP"
"228...438",100,1,10,"MP"
"320...439",100,1,10,"MP"
"419...440",100,1,10,"MP"
"519...441",99,1,10,"MP"
"619...442",83,1,10,"MP"
"719...443",98,1,10,"MP"
"819...444",100,1,10,"MP"
"918...445",62,1,10,"MP"
"1017...446",100,1,10,"MP"
"1117...447",98,1,10,"MP"
"1217...448",99,1,10,"MP"
"1316...449",70,1,10,"MP"
"1416...450",99,1,10,"MP"
"1516...451",98,1,10,"MP"
"1616...452",52,0,10,"MP"
"1716...453",71,0,10,"MP"
"1816...454",84,0,10,"MP"
"197...455",99,0,10,"MP"
"207...456",99,0,10,"MP"
"2112...457",99,0,10,"MP"
"229...458",99,0,10,"MP"
"236...459",100,0,10,"MP"
"245...460",97,0,10,"MP"
"255...461",100,0,10,"MP"
"265...462",93,0,10,"MP"
"274...463",59,0,10,"MP"
"230...464",100,1,11,"MP"
"324...465",97,1,11,"MP"
"420...466",100,1,11,"MP"
"520...467",76,1,11,"MP"
"620...468",100,1,11,"MP"
"720...469",100,1,11,"MP"
"820...470",77,1,11,"MP"
"919...471",100,1,11,"MP"
"1018...472",100,0,11,"MP"
"1118...473",100,0,11,"MP"
"1218...474",100,0,11,"MP"
"1317...475",100,0,11,"MP"
"1417...476",89,0,11,"MP"
"1517...477",51,0,11,"MP"
"1617...478",67,0,11,"MP"
"1717...479",90,0,11,"MP"
"1817...480",100,0,11,"MP"
"198...481",100,0,11,"MP"
"208...482",93,0,11,"MP"
"2113...483",100,0,11,"MP"
"2210...484",72,0,11,"MP"
"237...485",100,1,12,"MP"
"325...486",66,1,12,"MP"
"422...487",70,1,12,"MP"
"522...488",85,1,12,"MP"
"622...489",100,1,12,"MP"
"722...490",84,1,12,"MP"
"822...491",58,1,12,"MP"
"920...492",100,1,12,"MP"
"1019...493",100,1,12,"MP"
"1119...494",98,1,12,"MP"
"1219...495",96,1,12,"MP"
"1318...496",99,1,12,"MP"
"1418...497",99,1,12,"MP"
"1518...498",99,1,12,"MP"
"1618...499",100,1,12,"MP"
"1718...500",100,1,12,"MP"
"1818...501",83,1,12,"MP"
"199...502",76,0,12,"MP"
"209...503",67,0,12,"MP"
"2114...504",76,0,12,"MP"
"2211...505",100,0,12,"MP"
"238...506",78,0,12,"MP"
"246...507",64,0,12,"MP"
"256...508",78,0,12,"MP"
"239...509",100,1,13,"MP"
"326...510",66,1,13,"MP"
"423...511",86,1,13,"MP"
"523...512",95,1,13,"MP"
"623...513",84,1,13,"MP"
"723...514",65,1,13,"MP"
"823...515",66,1,13,"MP"
"922...516",69,1,13,"MP"
"1020...517",97,1,13,"MP"
"1120...518",82,1,13,"MP"
"1220...519",57,1,13,"MP"
"1319...520",100,1,13,"MP"
"1419...521",67,1,13,"MP"
"1519...522",98,1,13,"MP"
"1619...523",100,1,13,"MP"
"1719...524",96,1,13,"MP"
"1819...525",80,1,13,"MP"
"1910...526",59,1,13,"MP"
"2010...527",100,1,13,"MP"
"2115...528",80,1,13,"MP"
"2212...529",100,1,13,"MP"
"2310...530",76,1,13,"MP"
"247...531",80,1,13,"MP"
"257...532",57,0,13,"MP"
"266...533",52,0,13,"MP"
"240...534",100,1,14,"MP"
"327...535",75,1,14,"MP"
"424...536",89,1,14,"MP"
"524...537",95,1,14,"MP"
"624...538",80,1,14,"MP"
"724...539",94,1,14,"MP"
"824...540",100,1,14,"MP"
"923...541",91,1,14,"MP"
"1021...542",83,1,14,"MP"
"1121...543",100,1,14,"MP"
"1221...544",99,1,14,"MP"
"1320...545",98,1,14,"MP"
"1420...546",99,1,14,"MP"
"1520...547",91,1,14,"MP"
"1620...548",65,1,14,"MP"
"1720...549",97,1,14,"MP"
"1820...550",57,1,14,"MP"
"1911...551",99,1,14,"MP"
"2011...552",89,1,14,"MP"
"2116...553",87,1,14,"MP"
"2213...554",58,1,14,"MP"
"2311...555",97,1,14,"MP"
"248...556",78,1,14,"MP"
"258...557",84,1,14,"MP"
"267...558",51,1,14,"MP"
"275...559",99,0,14,"MP"
"284...560",94,0,14,"MP"
"294...561",82,0,14,"MP"
"304...562",66,0,14,"MP"
"3111...563",87,0,14,"MP"
"328...564",86,0,14,"MP"
"333...565",60,0,14,"MP"
"343...566",93,0,14,"MP"
"353...567",82,0,14,"MP"
"363...568",60,0,14,"MP"
"249...569",100,1,15,"MP"
"329...570",100,1,15,"MP"
"425...571",98,1,15,"MP"
"525...572",99,1,15,"MP"
"625...573",100,1,15,"MP"
"725...574",96,1,15,"MP"
"825...575",100,1,15,"MP"
"924...576",100,1,15,"MP"
"1022...577",100,1,15,"MP"
"1122...578",55,0,15,"MP"
"1222...579",61,0,15,"MP"
"1321...580",78,0,15,"MP"
"1421...581",99,0,15,"MP"
"1521...582",94,0,15,"MP"
"1621...583",76,0,15,"MP"
"1721...584",95,0,15,"MP"
"1821...585",81,0,15,"MP"
"1912...586",60,0,15,"MP"
"2012...587",58,0,15,"MP"
"2117...588",61,0,15,"MP"
"2214...589",99,0,15,"MP"
"2312...590",76,0,15,"MP"
"2410...591",98,0,15,"MP"
"259...592",62,0,15,"MP"
"250...593",100,1,16,"MP"
"330...594",100,1,16,"MP"
"426...595",100,1,16,"MP"
"526...596",100,0,16,"MP"
"626...597",100,0,16,"MP"
"726...598",100,0,16,"MP"
"826...599",100,0,16,"MP"
"925...600",100,0,16,"MP"
"260...601",100,1,17,"MP"
"334...602",100,1,17,"MP"
"427...603",100,1,17,"MP"
"527...604",67,1,17,"MP"
"627...605",98,1,17,"MP"
"727...606",99,1,17,"MP"
"827...607",73,1,17,"MP"
"926...608",66,1,17,"MP"
"1023...609",99,1,17,"MP"
"1123...610",96,1,17,"MP"
"1223...611",79,1,17,"MP"
"1322...612",51,1,17,"MP"
"1422...613",59,1,17,"MP"
"1522...614",100,1,17,"MP"
"1622...615",99,1,17,"MP"
"1722...616",95,1,17,"MP"
"1822...617",99,1,17,"MP"
"1913...618",89,1,17,"MP"
"2013...619",94,1,17,"MP"
"2118...620",100,1,17,"MP"
"2215...621",99,1,17,"MP"
"2313...622",99,1,17,"MP"
"2411...623",65,0,17,"MP"
"2510...624",58,0,17,"MP"
"268...625",98,0,17,"MP"
"276...626",60,0,17,"MP"
"285...627",60,0,17,"MP"
"269...628",100,1,18,"MP"
"335...629",77,1,18,"MP"
"428...630",67,1,18,"MP"
"528...631",80,1,18,"MP"
"628...632",79,1,18,"MP"
"728...633",87,1,18,"MP"
"828...634",87,1,18,"MP"
"927...635",69,1,18,"MP"
"1024...636",86,1,18,"MP"
"1124...637",100,1,18,"MP"
"1224...638",54,1,18,"MP"
"1323...639",99,1,18,"MP"
"1423...640",62,1,18,"MP"
"1523...641",86,1,18,"MP"
"1623...642",74,1,18,"MP"
"1723...643",75,1,18,"MP"
"1823...644",86,1,18,"MP"
"1914...645",90,1,18,"MP"
"2014...646",91,1,18,"MP"
"2119...647",88,1,18,"MP"
"2216...648",100,1,18,"MP"
"2314...649",100,1,18,"MP"
"2412...650",99,1,18,"MP"
"2511...651",100,1,18,"MP"
"2610...652",66,1,18,"MP"
"277...653",52,1,18,"MP"
"286...654",100,1,18,"MP"
"295...655",100,1,18,"MP"
"305...656",61,1,18,"MP"
"3112...657",79,1,18,"MP"
"3210...658",68,1,18,"MP"
"336...659",100,1,18,"MP"
"344...660",100,1,18,"MP"
"354...661",100,1,18,"MP"
"364...662",77,1,18,"MP"
"373...663",60,1,18,"MP"
"382...664",74,1,18,"MP"
"392...665",100,1,18,"MP"
"402...666",100,1,18,"MP"
"4110...667",100,1,18,"MP"
"429...668",66,1,18,"MP"
"432...669",95,1,18,"MP"
"442...670",100,1,18,"MP"
"452...671",100,1,18,"MP"
"462...672",100,1,18,"MP"
"472...673",85,1,18,"MP"
"482...674",100,1,18,"MP"
"492...675",100,1,18,"MP"
"502...676",100,1,18,"MP"
"5110...677",95,1,18,"MP"
"529...678",94,1,18,"MP"
"532...679",100,1,18,"MP"
"542...680",100,1,18,"MP"
"552...681",61,1,18,"MP"
"562...682",100,1,18,"MP"
"572...683",100,1,18,"MP"
"582...684",100,1,18,"MP"
"592...685",100,1,18,"MP"
"602...686",80,1,18,"MP"
"6110...687",100,1,18,"MP"
"629...688",100,1,18,"MP"
"632...689",76,1,18,"MP"
"642...690",100,1,18,"MP"
"652...691",99,1,18,"MP"
"662...692",99,1,18,"MP"
"672...693",70,1,18,"MP"
"682...694",62,1,18,"MP"
"692...695",71,1,18,"MP"
"702...696",68,1,18,"MP"
"7110...697",65,1,18,"MP"
"729...698",87,0,18,"MP"
"732...699",53,0,18,"MP"
"742...700",58,0,18,"MP"
"752...701",79,0,18,"MP"
"270...702",100,1,19,"MP"
"337...703",84,1,19,"MP"
"430...704",77,1,19,"MP"
"530...705",100,1,19,"MP"
"630...706",98,1,19,"MP"
"730...707",99,1,19,"MP"
"829...708",97,1,19,"MP"
"928...709",100,1,19,"MP"
"1025...710",99,1,19,"MP"
"1125...711",97,1,19,"MP"
"1225...712",97,1,19,"MP"
"1324...713",60,1,19,"MP"
"1424...714",100,1,19,"MP"
"1524...715",79,1,19,"MP"
"1624...716",99,1,19,"MP"
"1724...717",100,1,19,"MP"
"1824...718",99,1,19,"MP"
"1915...719",96,1,19,"MP"
"2015...720",100,1,19,"MP"
"2120...721",86,1,19,"MP"
"2217...722",100,1,19,"MP"
"2315...723",100,1,19,"MP"
"2413...724",98,1,19,"MP"
"2512...725",62,1,19,"MP"
"2611...726",85,1,19,"MP"
"278...727",100,1,19,"MP"
"287...728",97,1,19,"MP"
"296...729",100,1,19,"MP"
"306...730",100,1,19,"MP"
"3113...731",99,1,19,"MP"
"3211...732",100,1,19,"MP"
"338...733",100,1,19,"MP"
"345...734",100,1,19,"MP"
"355...735",100,1,19,"MP"
"365...736",100,1,19,"MP"
"374...737",100,1,19,"MP"
"383...738",100,1,19,"MP"
"393...739",100,1,19,"MP"
"403...740",99,1,19,"MP"
"4111...741",85,0,19,"MP"
"4210...742",99,0,19,"MP"
"279...743",100,1,20,"MP"
"339...744",98,1,20,"MP"
"433...745",50,1,20,"MP"
"533...746",56,1,20,"MP"
"633...747",100,1,20,"MP"
"733...748",100,1,20,"MP"
"830...749",100,1,20,"MP"
"929...750",85,1,20,"MP"
"1026...751",68,1,20,"MP"
"1126...752",59,1,20,"MP"
"1226...753",92,1,20,"MP"
"1325...754",81,1,20,"MP"
"1425...755",99,1,20,"MP"
"1525...756",84,1,20,"MP"
"1625...757",100,1,20,"MP"
"1725...758",98,1,20,"MP"
"1825...759",54,1,20,"MP"
"1916...760",90,1,20,"MP"
"2016...761",90,1,20,"MP"
"2121...762",72,1,20,"MP"
"2218...763",100,1,20,"MP"
"2316...764",100,1,20,"MP"
"2414...765",99,1,20,"MP"
"2513...766",100,1,20,"MP"
"2612...767",100,1,20,"MP"
"2710...768",53,1,20,"MP"
"288...769",100,1,20,"MP"
"297...770",75,1,20,"MP"
"307...771",99,1,20,"MP"
"3114...772",55,1,20,"MP"
"3212...773",66,1,20,"MP"
"3310...774",97,1,20,"MP"
"346...775",79,1,20,"MP"
"356...776",70,1,20,"MP"
"366...777",69,1,20,"MP"
"375...778",60,1,20,"MP"
"384...779",77,1,20,"MP"
"394...780",98,1,20,"MP"
"404...781",99,0,20,"MP"
"4112...782",51,0,20,"MP"
"4211...783",97,0,20,"MP"
"434...784",51,0,20,"MP"
"443...785",84,0,20,"MP"
"453...786",87,0,20,"MP"
"463...787",70,0,20,"MP"
"473...788",100,0,20,"MP"
"483...789",99,0,20,"MP"
"493...790",80,0,20,"MP"
"503...791",100,0,20,"MP"
"5111...792",99,0,20,"MP"
"5210...793",63,0,20,"MP"
"534...794",69,0,20,"MP"
"543...795",51,0,20,"MP"
"553...796",71,0,20,"MP"
"563...797",67,0,20,"MP"
"573...798",55,0,20,"MP"
"583...799",82,0,20,"MP"
"593...800",94,0,20,"MP"
"603...801",90,0,20,"MP"
"280...802",100,1,21,"MP"
"340...803",99,1,21,"MP"
"435...804",99,1,21,"MP"
"535...805",99,1,21,"MP"
"634...806",100,1,21,"MP"
"734...807",100,1,21,"MP"
"832...808",100,1,21,"MP"
"930...809",100,1,21,"MP"
"1027...810",100,0,21,"MP"
"1127...811",100,0,21,"MP"
"1227...812",72,0,21,"MP"
"1326...813",55,0,21,"MP"
"1426...814",99,0,21,"MP"
"1526...815",100,0,21,"MP"
"1626...816",100,0,21,"MP"
"1726...817",99,0,21,"MP"
"1826...818",100,0,21,"MP"
"289...819",100,1,22,"MP"
"347...820",100,1,22,"MP"
"436...821",100,1,22,"MP"
"536...822",54,1,22,"MP"
"635...823",100,1,22,"MP"
"735...824",100,1,22,"MP"
"833...825",100,1,22,"MP"
"932...826",100,1,22,"MP"
"1028...827",99,1,22,"MP"
"1128...828",86,1,22,"MP"
"1228...829",98,1,22,"MP"
"1327...830",100,1,22,"MP"
"1427...831",100,1,22,"MP"
"1527...832",100,1,22,"MP"
"1627...833",100,1,22,"MP"
"1727...834",100,1,22,"MP"
"1827...835",99,1,22,"MP"
"1917...836",100,1,22,"MP"
"2017...837",100,1,22,"MP"
"2122...838",100,1,22,"MP"
"2219...839",100,1,22,"MP"
"2317...840",100,1,22,"MP"
"2415...841",100,1,22,"MP"
"2514...842",98,1,22,"MP"
"2613...843",100,1,22,"MP"
"2711...844",100,1,22,"MP"
"2810...845",100,1,22,"MP"
"298...846",60,1,22,"MP"
"308...847",100,1,22,"MP"
"3115...848",100,1,22,"MP"
"3213...849",93,1,22,"MP"
"3311...850",100,1,22,"MP"
"348...851",100,1,22,"MP"
"357...852",53,0,22,"MP"
"367...853",92,0,22,"MP"
"376...854",66,0,22,"MP"
"385...855",89,0,22,"MP"
"395...856",100,0,22,"MP"
"2...857",100,1,1,"MLASC"
"3...858",100,1,1,"MLASC"
"4...859",96,1,1,"MLASC"
"5...860",100,1,1,"MLASC"
"6...861",100,1,1,"MLASC"
"7...862",41,0,1,"MLASC"
"266...863",69,1,2,"MLASC"
"310...864",60,1,2,"MLASC"
"410...865",100,1,2,"MLASC"
"510...866",28,1,2,"MLASC"
"610...867",96,1,2,"MLASC"
"710...868",100,1,2,"MLASC"
"8...869",53,1,2,"MLASC"
"9...870",28,1,2,"MLASC"
"10...871",100,1,2,"MLASC"
"11...872",100,1,2,"MLASC"
"12...873",100,1,2,"MLASC"
"13...874",100,1,2,"MLASC"
"14...875",57,1,2,"MLASC"
"15...876",85,1,2,"MLASC"
"16...877",83,1,2,"MLASC"
"17...878",99,1,2,"MLASC"
"18...879",99,1,2,"MLASC"
"19...880",100,1,2,"MLASC"
"20...881",89,1,2,"MLASC"
"21...882",99,1,2,"MLASC"
"22...883",62,1,2,"MLASC"
"23...884",24,1,2,"MLASC"
"24...885",91,1,2,"MLASC"
"25...886",100,1,2,"MLASC"
"26...887",100,1,2,"MLASC"
"27...888",86,1,2,"MLASC"
"28...889",61,1,2,"MLASC"
"29...890",88,1,2,"MLASC"
"30...891",100,1,2,"MLASC"
"31...892",31,1,2,"MLASC"
"32...893",82,1,2,"MLASC"
"33...894",100,1,2,"MLASC"
"34...895",82,1,2,"MLASC"
"35...896",72,1,2,"MLASC"
"36...897",100,1,2,"MLASC"
"37...898",100,1,2,"MLASC"
"38...899",100,1,2,"MLASC"
"39...900",100,1,2,"MLASC"
"40...901",63,1,2,"MLASC"
"41...902",100,1,2,"MLASC"
"42...903",49,1,2,"MLASC"
"43...904",100,1,2,"MLASC"
"44...905",100,1,2,"MLASC"
"45...906",100,1,2,"MLASC"
"46...907",79,1,2,"MLASC"
"47...908",97,1,2,"MLASC"
"48...909",100,1,2,"MLASC"
"49...910",100,1,2,"MLASC"
"50...911",100,1,2,"MLASC"
"51...912",100,1,2,"MLASC"
"52...913",100,1,2,"MLASC"
"53...914",100,1,2,"MLASC"
"54...915",100,1,2,"MLASC"
"55...916",100,1,2,"MLASC"
"56...917",100,1,2,"MLASC"
"57...918",100,1,2,"MLASC"
"58...919",66,1,2,"MLASC"
"59...920",100,1,2,"MLASC"
"60...921",90,1,2,"MLASC"
"61...922",100,1,2,"MLASC"
"62...923",100,1,2,"MLASC"
"63...924",100,1,2,"MLASC"
"64...925",100,1,2,"MLASC"
"65...926",100,1,2,"MLASC"
"66...927",100,1,2,"MLASC"
"67...928",93,1,2,"MLASC"
"68...929",97,1,2,"MLASC"
"69...930",37,1,2,"MLASC"
"70...931",98,1,2,"MLASC"
"71...932",100,1,2,"MLASC"
"72...933",69,1,2,"MLASC"
"73...934",100,1,2,"MLASC"
"74...935",48,1,2,"MLASC"
"75...936",64,1,2,"MLASC"
"76...937",100,1,2,"MLASC"
"77...938",100,1,2,"MLASC"
"78...939",89,1,2,"MLASC"
"79...940",100,1,2,"MLASC"
"80...941",68,1,2,"MLASC"
"81...942",97,1,2,"MLASC"
"82...943",100,1,2,"MLASC"
"83...944",100,1,2,"MLASC"
"84...945",100,1,2,"MLASC"
"85...946",100,1,2,"MLASC"
"86...947",50,1,2,"MLASC"
"87...948",34,1,2,"MLASC"
"88...949",78,1,2,"MLASC"
"89...950",56,1,2,"MLASC"
"90...951",100,1,2,"MLASC"
"91...952",100,1,2,"MLASC"
"92...953",96,1,2,"MLASC"
"93...954",100,1,2,"MLASC"
"94...955",100,1,2,"MLASC"
"95...956",100,1,2,"MLASC"
"96...957",100,1,2,"MLASC"
"97...958",100,1,2,"MLASC"
"98...959",49,1,2,"MLASC"
"99...960",100,1,2,"MLASC"
"100...961",100,1,2,"MLASC"
"101...962",100,1,2,"MLASC"
"102...963",83,1,2,"MLASC"
"103...964",100,1,2,"MLASC"
"104...965",100,1,2,"MLASC"
"105...966",97,1,2,"MLASC"
"106...967",100,1,2,"MLASC"
"107...968",100,1,2,"MLASC"
"108...969",78,1,2,"MLASC"
"109...970",61,1,2,"MLASC"
"110...971",100,1,2,"MLASC"
"111...972",100,1,2,"MLASC"
"112...973",44,1,2,"MLASC"
"113...974",69,1,2,"MLASC"
"114...975",100,1,2,"MLASC"
"115...976",94,1,2,"MLASC"
"116...977",100,1,2,"MLASC"
"117...978",96,1,2,"MLASC"
"118...979",67,1,2,"MLASC"
"119...980",100,1,2,"MLASC"
"120...981",100,1,2,"MLASC"
"121...982",50,1,2,"MLASC"
"122...983",100,1,2,"MLASC"
"123...984",79,1,2,"MLASC"
"124...985",100,1,2,"MLASC"
"125...986",100,1,2,"MLASC"
"126...987",100,1,2,"MLASC"
"127...988",100,1,2,"MLASC"
"128...989",62,1,2,"MLASC"
"129...990",100,1,2,"MLASC"
"130...991",76,1,2,"MLASC"
"131...992",74,1,2,"MLASC"
"132...993",65,1,2,"MLASC"
"133...994",100,1,2,"MLASC"
"134...995",100,1,2,"MLASC"
"135...996",57,1,2,"MLASC"
"136...997",100,1,2,"MLASC"
"137...998",60,1,2,"MLASC"
"138...999",100,1,2,"MLASC"
"139...1000",42,1,2,"MLASC"
"140...1001",100,1,2,"MLASC"
"141...1002",51,1,2,"MLASC"
"142...1003",56,1,2,"MLASC"
"143...1004",32,1,2,"MLASC"
"144...1005",100,1,2,"MLASC"
"145...1006",97,1,2,"MLASC"
"146...1007",87,1,2,"MLASC"
"147...1008",91,1,2,"MLASC"
"148...1009",96,1,2,"MLASC"
"149...1010",100,1,2,"MLASC"
"150...1011",56,1,2,"MLASC"
"151...1012",46,1,2,"MLASC"
"152...1013",65,1,2,"MLASC"
"153...1014",94,1,2,"MLASC"
"154...1015",96,1,2,"MLASC"
"155...1016",52,1,2,"MLASC"
"156...1017",64,1,2,"MLASC"
"157...1018",51,1,2,"MLASC"
"158...1019",91,1,2,"MLASC"
"159...1020",100,1,2,"MLASC"
"160...1021",93,1,2,"MLASC"
"161...1022",100,1,2,"MLASC"
"162...1023",76,1,2,"MLASC"
"163...1024",100,1,2,"MLASC"
"164...1025",62,1,2,"MLASC"
"165...1026",82,1,2,"MLASC"
"166...1027",100,1,2,"MLASC"
"167...1028",50,1,2,"MLASC"
"168...1029",73,1,2,"MLASC"
"169...1030",87,1,2,"MLASC"
"170...1031",62,1,2,"MLASC"
"171...1032",49,1,2,"MLASC"
"172...1033",40,1,2,"MLASC"
"173...1034",75,1,2,"MLASC"
"174...1035",96,1,2,"MLASC"
"175...1036",60,1,2,"MLASC"
"176...1037",28,1,2,"MLASC"
"177...1038",98,1,2,"MLASC"
"178...1039",100,1,2,"MLASC"
"179...1040",91,1,2,"MLASC"
"180...1041",73,1,2,"MLASC"
"181...1042",37,1,2,"MLASC"
"182...1043",79,1,2,"MLASC"
"183...1044",44,1,2,"MLASC"
"184...1045",100,1,2,"MLASC"
"185...1046",96,1,2,"MLASC"
"186...1047",100,1,2,"MLASC"
"187...1048",100,1,2,"MLASC"
"188...1049",96,1,2,"MLASC"
"189...1050",100,1,2,"MLASC"
"190...1051",62,1,2,"MLASC"
"191...1052",100,1,2,"MLASC"
"192...1053",58,1,2,"MLASC"
"193...1054",100,1,2,"MLASC"
"194...1055",54,1,2,"MLASC"
"195...1056",100,1,2,"MLASC"
"196...1057",72,1,2,"MLASC"
"197...1058",100,1,2,"MLASC"
"198...1059",89,1,2,"MLASC"
"199...1060",100,1,2,"MLASC"
"200...1061",100,1,2,"MLASC"
"201...1062",90,1,2,"MLASC"
"202...1063",100,1,2,"MLASC"
"203...1064",100,1,2,"MLASC"
"204...1065",100,1,2,"MLASC"
"205...1066",79,1,2,"MLASC"
"206...1067",100,1,2,"MLASC"
"207...1068",100,1,2,"MLASC"
"208...1069",100,1,2,"MLASC"
"209...1070",86,1,2,"MLASC"
"210...1071",100,1,2,"MLASC"
"211...1072",99,1,2,"MLASC"
"212...1073",100,1,2,"MLASC"
"213...1074",100,1,2,"MLASC"
"214...1075",100,1,2,"MLASC"
"215...1076",100,1,2,"MLASC"
"216...1077",36,1,2,"MLASC"
"217...1078",61,1,2,"MLASC"
"218...1079",88,1,2,"MLASC"
"219...1080",27,1,2,"MLASC"
"220...1081",100,1,2,"MLASC"
"221...1082",100,1,2,"MLASC"
"222...1083",100,1,2,"MLASC"
"223...1084",100,1,2,"MLASC"
"224...1085",98,1,2,"MLASC"
"225...1086",61,1,2,"MLASC"
"226...1087",100,1,2,"MLASC"
"227...1088",67,1,2,"MLASC"
"228...1089",68,1,2,"MLASC"
"229...1090",100,1,2,"MLASC"
"230...1091",100,1,2,"MLASC"
"231...1092",100,1,2,"MLASC"
"232...1093",53,1,2,"MLASC"
"233...1094",100,1,2,"MLASC"
"234...1095",54,1,2,"MLASC"
"235...1096",100,1,2,"MLASC"
"236...1097",100,1,2,"MLASC"
"237...1098",83,1,2,"MLASC"
"238...1099",54,1,2,"MLASC"
"239...1100",100,1,2,"MLASC"
"240...1101",100,1,2,"MLASC"
"241...1102",65,1,2,"MLASC"
"242...1103",97,1,2,"MLASC"
"243...1104",100,1,2,"MLASC"
"244...1105",100,1,2,"MLASC"
"245...1106",100,1,2,"MLASC"
"246...1107",70,1,2,"MLASC"
"247...1108",63,1,2,"MLASC"
"248...1109",97,1,2,"MLASC"
"249...1110",100,1,2,"MLASC"
"250...1111",100,1,2,"MLASC"
"251...1112",26,0,2,"MLASC"
"252...1113",38,0,2,"MLASC"
"253...1114",28,0,2,"MLASC"
"254...1115",52,0,2,"MLASC"
"255...1116",6,0,2,"MLASC"
"256...1117",4,0,2,"MLASC"
"257...1118",9,0,2,"MLASC"
"258...1119",43,0,2,"MLASC"
"259...1120",39,0,2,"MLASC"
"260...1121",46,0,2,"MLASC"
"261...1122",21,0,2,"MLASC"
"262...1123",45,0,2,"MLASC"
"263...1124",50,0,2,"MLASC"
"264...1125",29,0,2,"MLASC"
"265...1126",37,0,2,"MLASC"
"267...1127",99,1,3,"MLASC"
"311...1128",100,1,3,"MLASC"
"411...1129",100,1,3,"MLASC"
"511...1130",100,1,3,"MLASC"
"611...1131",100,1,3,"MLASC"
"711...1132",99,1,3,"MLASC"
"810...1133",100,1,3,"MLASC"
"910...1134",100,1,3,"MLASC"
"1010...1135",100,1,3,"MLASC"
"1110...1136",100,1,3,"MLASC"
"1210...1137",94,1,3,"MLASC"
"1310...1138",100,1,3,"MLASC"
"1410...1139",99,1,3,"MLASC"
"1510...1140",100,1,3,"MLASC"
"1610...1141",100,1,3,"MLASC"
"1710...1142",100,1,3,"MLASC"
"1810...1143",100,1,3,"MLASC"
"1910...1144",100,1,3,"MLASC"
"2010...1145",100,1,3,"MLASC"
"2110...1146",100,1,3,"MLASC"
"2210...1147",100,1,3,"MLASC"
"2310...1148",66,0,3,"MLASC"
"2410...1149",73,0,3,"MLASC"
"2510...1150",79,0,3,"MLASC"
"268...1151",76,0,3,"MLASC"
"269...1152",99,1,4,"MLASC"
"312...1153",88,1,4,"MLASC"
"412...1154",100,1,4,"MLASC"
"512...1155",100,1,4,"MLASC"
"612...1156",100,1,4,"MLASC"
"712...1157",100,1,4,"MLASC"
"811...1158",96,1,4,"MLASC"
"911...1159",99,1,4,"MLASC"
"1011...1160",88,1,4,"MLASC"
"1111...1161",100,1,4,"MLASC"
"1211...1162",72,1,4,"MLASC"
"1311...1163",91,1,4,"MLASC"
"1411...1164",100,1,4,"MLASC"
"1511...1165",92,1,4,"MLASC"
"1611...1166",96,1,4,"MLASC"
"1711...1167",97,1,4,"MLASC"
"1811...1168",48,1,4,"MLASC"
"1911...1169",100,1,4,"MLASC"
"2011...1170",94,1,4,"MLASC"
"2111...1171",74,1,4,"MLASC"
"2211...1172",92,1,4,"MLASC"
"2311...1173",98,1,4,"MLASC"
"2411...1174",40,0,4,"MLASC"
"2511...1175",52,0,4,"MLASC"
"2610...1176",78,0,4,"MLASC"
"271...1177",90,0,4,"MLASC"
"281...1178",79,0,4,"MLASC"
"291...1179",92,0,4,"MLASC"
"301...1180",91,0,4,"MLASC"
"270...1181",74,1,5,"MLASC"
"313...1182",48,1,5,"MLASC"
"413...1183",39,1,5,"MLASC"
"513...1184",96,1,5,"MLASC"
"613...1185",93,1,5,"MLASC"
"713...1186",96,1,5,"MLASC"
"812...1187",75,1,5,"MLASC"
"912...1188",94,1,5,"MLASC"
"1012...1189",80,1,5,"MLASC"
"1112...1190",95,1,5,"MLASC"
"1212...1191",81,1,5,"MLASC"
"1312...1192",72,1,5,"MLASC"
"1412...1193",43,0,5,"MLASC"
"272...1194",100,1,6,"MLASC"
"314...1195",86,1,6,"MLASC"
"414...1196",100,1,6,"MLASC"
"514...1197",100,1,6,"MLASC"
"614...1198",97,1,6,"MLASC"
"714...1199",100,1,6,"MLASC"
"813...1200",100,1,6,"MLASC"
"913...1201",100,1,6,"MLASC"
"1013...1202",100,1,6,"MLASC"
"1113...1203",100,1,6,"MLASC"
"1213...1204",100,1,6,"MLASC"
"1313...1205",100,1,6,"MLASC"
"1413...1206",100,1,6,"MLASC"
"1512...1207",100,1,6,"MLASC"
"1612...1208",100,1,6,"MLASC"
"1712...1209",100,1,6,"MLASC"
"1812...1210",100,1,6,"MLASC"
"1912...1211",100,1,6,"MLASC"
"2012...1212",100,1,6,"MLASC"
"2112...1213",100,1,6,"MLASC"
"2212...1214",98,1,6,"MLASC"
"2312...1215",100,1,6,"MLASC"
"2412...1216",98,1,6,"MLASC"
"2512...1217",100,1,6,"MLASC"
"2611...1218",100,1,6,"MLASC"
"273...1219",91,1,6,"MLASC"
"282...1220",100,1,6,"MLASC"
"292...1221",100,1,6,"MLASC"
"302...1222",91,1,6,"MLASC"
"315...1223",100,1,6,"MLASC"
"321...1224",100,1,6,"MLASC"
"331...1225",100,1,6,"MLASC"
"341...1226",97,1,6,"MLASC"
"351...1227",90,1,6,"MLASC"
"361...1228",100,1,6,"MLASC"
"371...1229",99,1,6,"MLASC"
"381...1230",100,1,6,"MLASC"
"391...1231",100,1,6,"MLASC"
"401...1232",100,1,6,"MLASC"
"415...1233",100,1,6,"MLASC"
"421...1234",100,1,6,"MLASC"
"431...1235",100,1,6,"MLASC"
"441...1236",100,1,6,"MLASC"
"451...1237",100,1,6,"MLASC"
"461...1238",76,1,6,"MLASC"
"471...1239",62,1,6,"MLASC"
"481...1240",100,1,6,"MLASC"
"491...1241",99,1,6,"MLASC"
"501...1242",100,1,6,"MLASC"
"515...1243",100,1,6,"MLASC"
"521...1244",100,1,6,"MLASC"
"531...1245",96,1,6,"MLASC"
"541...1246",100,1,6,"MLASC"
"551...1247",100,1,6,"MLASC"
"561...1248",91,1,6,"MLASC"
"571...1249",100,1,6,"MLASC"
"581...1250",91,1,6,"MLASC"
"591...1251",100,1,6,"MLASC"
"601...1252",100,1,6,"MLASC"
"615...1253",100,1,6,"MLASC"
"621...1254",99,1,6,"MLASC"
"631...1255",100,1,6,"MLASC"
"641...1256",100,1,6,"MLASC"
"651...1257",91,1,6,"MLASC"
"661...1258",100,1,6,"MLASC"
"671...1259",100,1,6,"MLASC"
"681...1260",100,1,6,"MLASC"
"691...1261",100,1,6,"MLASC"
"701...1262",100,1,6,"MLASC"
"715...1263",88,1,6,"MLASC"
"721...1264",97,1,6,"MLASC"
"731...1265",90,1,6,"MLASC"
"741...1266",99,1,6,"MLASC"
"751...1267",97,1,6,"MLASC"
"761...1268",100,1,6,"MLASC"
"771...1269",100,1,6,"MLASC"
"781...1270",100,1,6,"MLASC"
"791...1271",99,1,6,"MLASC"
"801...1272",78,1,6,"MLASC"
"814...1273",84,1,6,"MLASC"
"821...1274",100,1,6,"MLASC"
"831...1275",100,1,6,"MLASC"
"841...1276",100,1,6,"MLASC"
"851...1277",100,1,6,"MLASC"
"861...1278",100,1,6,"MLASC"
"871...1279",100,1,6,"MLASC"
"881...1280",67,1,6,"MLASC"
"891...1281",100,1,6,"MLASC"
"901...1282",100,1,6,"MLASC"
"914...1283",100,1,6,"MLASC"
"921...1284",78,1,6,"MLASC"
"931...1285",75,1,6,"MLASC"
"941...1286",100,1,6,"MLASC"
"951...1287",100,1,6,"MLASC"
"961...1288",100,1,6,"MLASC"
"971...1289",100,1,6,"MLASC"
"981...1290",100,0,6,"MLASC"
"991...1291",100,0,6,"MLASC"
"1001...1292",100,0,6,"MLASC"
"1014...1293",100,0,6,"MLASC"
"1021...1294",100,0,6,"MLASC"
"1031...1295",100,0,6,"MLASC"
"1041...1296",100,0,6,"MLASC"
"1051...1297",100,0,6,"MLASC"
"274...1298",99,1,7,"MLASC"
"316...1299",83,1,7,"MLASC"
"416...1300",64,1,7,"MLASC"
"516...1301",58,1,7,"MLASC"
"616...1302",100,1,7,"MLASC"
"716...1303",74,1,7,"MLASC"
"815...1304",57,1,7,"MLASC"
"915...1305",100,1,7,"MLASC"
"1015...1306",66,1,7,"MLASC"
"1114...1307",100,1,7,"MLASC"
"1214...1308",100,1,7,"MLASC"
"1314...1309",87,1,7,"MLASC"
"1414...1310",100,1,7,"MLASC"
"1513...1311",100,1,7,"MLASC"
"1613...1312",72,1,7,"MLASC"
"1713...1313",86,1,7,"MLASC"
"1813...1314",100,1,7,"MLASC"
"1913...1315",66,1,7,"MLASC"
"2013...1316",80,1,7,"MLASC"
"2113...1317",72,1,7,"MLASC"
"2213...1318",100,1,7,"MLASC"
"2313...1319",97,1,7,"MLASC"
"2413...1320",100,1,7,"MLASC"
"2513...1321",40,1,7,"MLASC"
"2612...1322",98,1,7,"MLASC"
"275...1323",79,1,7,"MLASC"
"283...1324",55,1,7,"MLASC"
"293...1325",100,1,7,"MLASC"
"303...1326",48,1,7,"MLASC"
"317...1327",100,1,7,"MLASC"
"322...1328",90,1,7,"MLASC"
"332...1329",44,0,7,"MLASC"
"342...1330",35,0,7,"MLASC"
"352...1331",56,0,7,"MLASC"
"276...1332",100,1,8,"MLASC"
"318...1333",92,1,8,"MLASC"
"417...1334",99,1,8,"MLASC"
"517...1335",100,1,8,"MLASC"
"617...1336",99,1,8,"MLASC"
"717...1337",100,1,8,"MLASC"
"816...1338",52,1,8,"MLASC"
"916...1339",90,1,8,"MLASC"
"1016...1340",75,1,8,"MLASC"
"1115...1341",91,1,8,"MLASC"
"1215...1342",96,1,8,"MLASC"
"1315...1343",64,1,8,"MLASC"
"1415...1344",90,1,8,"MLASC"
"1514...1345",100,1,8,"MLASC"
"1614...1346",100,1,8,"MLASC"
"1714...1347",87,1,8,"MLASC"
"1814...1348",100,1,8,"MLASC"
"1914...1349",99,1,8,"MLASC"
"2014...1350",100,1,8,"MLASC"
"2114...1351",77,1,8,"MLASC"
"2214...1352",99,1,8,"MLASC"
"2314...1353",66,1,8,"MLASC"
"2414...1354",99,1,8,"MLASC"
"2514...1355",94,1,8,"MLASC"
"2613...1356",100,1,8,"MLASC"
"277...1357",79,1,8,"MLASC"
"284...1358",56,1,8,"MLASC"
"294...1359",100,1,8,"MLASC"
"304...1360",100,1,8,"MLASC"
"319...1361",60,1,8,"MLASC"
"323...1362",80,1,8,"MLASC"
"333...1363",43,1,8,"MLASC"
"343...1364",97,1,8,"MLASC"
"353...1365",100,1,8,"MLASC"
"362...1366",87,1,8,"MLASC"
"372...1367",99,1,8,"MLASC"
"382...1368",90,1,8,"MLASC"
"392...1369",91,1,8,"MLASC"
"402...1370",98,1,8,"MLASC"
"418...1371",51,0,8,"MLASC"
"422...1372",73,0,8,"MLASC"
"432...1373",86,0,8,"MLASC"
"442...1374",77,0,8,"MLASC"
"452...1375",49,0,8,"MLASC"
"462...1376",26,0,8,"MLASC"
"472...1377",39,0,8,"MLASC"
"482...1378",51,0,8,"MLASC"
"492...1379",40,0,8,"MLASC"
"502...1380",50,0,8,"MLASC"
"518...1381",31,0,8,"MLASC"
"522...1382",14,0,8,"MLASC"
"532...1383",38,0,8,"MLASC"
"542...1384",42,0,8,"MLASC"
"552...1385",44,0,8,"MLASC"
"562...1386",60,0,8,"MLASC"
"572...1387",50,0,8,"MLASC"
"278...1388",100,1,9,"MLASC"
"320...1389",100,1,9,"MLASC"
"419...1390",100,1,9,"MLASC"
"519...1391",100,1,9,"MLASC"
"618...1392",100,1,9,"MLASC"
"718...1393",94,1,9,"MLASC"
"817...1394",100,1,9,"MLASC"
"917...1395",100,1,9,"MLASC"
"1017...1396",99,1,9,"MLASC"
"1116...1397",99,1,9,"MLASC"
"1216...1398",100,1,9,"MLASC"
"1316...1399",100,1,9,"MLASC"
"1416...1400",100,1,9,"MLASC"
"1515...1401",100,1,9,"MLASC"
"1615...1402",100,1,9,"MLASC"
"1715...1403",100,1,9,"MLASC"
"1815...1404",100,1,9,"MLASC"
"1915...1405",100,1,9,"MLASC"
"2015...1406",100,1,9,"MLASC"
"2115...1407",100,1,9,"MLASC"
"2215...1408",100,1,9,"MLASC"
"2315...1409",100,1,9,"MLASC"
"2415...1410",100,1,9,"MLASC"
"2515...1411",87,1,9,"MLASC"
"2614...1412",100,1,9,"MLASC"
"279...1413",100,1,9,"MLASC"
"285...1414",100,1,9,"MLASC"
"295...1415",100,1,9,"MLASC"
"305...1416",100,1,9,"MLASC"
"3110...1417",99,1,9,"MLASC"
"324...1418",100,1,9,"MLASC"
"334...1419",100,1,9,"MLASC"
"344...1420",26,0,9,"MLASC"
"354...1421",34,0,9,"MLASC"
"280...1422",100,1,10,"MLASC"
"325...1423",100,1,10,"MLASC"
"420...1424",98,1,10,"MLASC"
"520...1425",100,1,10,"MLASC"
"619...1426",96,1,10,"MLASC"
"719...1427",100,1,10,"MLASC"
"818...1428",100,1,10,"MLASC"
"918...1429",99,1,10,"MLASC"
"1018...1430",100,1,10,"MLASC"
"1117...1431",75,1,10,"MLASC"
"1217...1432",79,1,10,"MLASC"
"1317...1433",46,1,10,"MLASC"
"1417...1434",100,1,10,"MLASC"
"1516...1435",100,1,10,"MLASC"
"1616...1436",100,1,10,"MLASC"
"1716...1437",100,1,10,"MLASC"
"1816...1438",98,1,10,"MLASC"
"1916...1439",75,1,10,"MLASC"
"2016...1440",100,1,10,"MLASC"
"2116...1441",100,1,10,"MLASC"
"2216...1442",81,1,10,"MLASC"
"2316...1443",96,1,10,"MLASC"
"2416...1444",100,1,10,"MLASC"
"2516...1445",100,1,10,"MLASC"
"2615...1446",88,1,10,"MLASC"
"2710...1447",100,1,10,"MLASC"
"286...1448",98,1,10,"MLASC"
"296...1449",97,1,10,"MLASC"
"306...1450",100,1,10,"MLASC"
"3111...1451",100,1,10,"MLASC"
"326...1452",78,0,10,"MLASC"
"335...1453",59,0,10,"MLASC"
"345...1454",63,0,10,"MLASC"
"355...1455",56,0,10,"MLASC"
"363...1456",51,0,10,"MLASC"
"373...1457",68,0,10,"MLASC"
"287...1458",100,1,11,"MLASC"
"327...1459",100,1,11,"MLASC"
"423...1460",100,1,11,"MLASC"
"523...1461",81,1,11,"MLASC"
"620...1462",86,1,11,"MLASC"
"720...1463",100,1,11,"MLASC"
"819...1464",99,1,11,"MLASC"
"919...1465",89,1,11,"MLASC"
"1019...1466",49,1,11,"MLASC"
"1118...1467",75,1,11,"MLASC"
"1218...1468",94,1,11,"MLASC"
"1318...1469",100,1,11,"MLASC"
"1418...1470",100,1,11,"MLASC"
"1517...1471",50,1,11,"MLASC"
"1617...1472",100,1,11,"MLASC"
"1717...1473",68,1,11,"MLASC"
"1817...1474",100,1,11,"MLASC"
"1917...1475",86,1,11,"MLASC"
"2017...1476",81,1,11,"MLASC"
"2117...1477",92,1,11,"MLASC"
"2217...1478",65,1,11,"MLASC"
"2317...1479",100,1,11,"MLASC"
"2417...1480",86,1,11,"MLASC"
"288...1481",95,1,12,"MLASC"
"328...1482",100,1,12,"MLASC"
"424...1483",100,1,12,"MLASC"
"524...1484",91,1,12,"MLASC"
"622...1485",100,1,12,"MLASC"
"722...1486",95,1,12,"MLASC"
"820...1487",100,1,12,"MLASC"
"920...1488",100,1,12,"MLASC"
"1020...1489",64,1,12,"MLASC"
"1119...1490",100,1,12,"MLASC"
"1219...1491",97,1,12,"MLASC"
"1319...1492",87,1,12,"MLASC"
"1419...1493",96,1,12,"MLASC"
"1518...1494",100,1,12,"MLASC"
"1618...1495",86,1,12,"MLASC"
"1718...1496",99,1,12,"MLASC"
"1818...1497",89,1,12,"MLASC"
"1918...1498",100,1,12,"MLASC"
"2018...1499",98,1,12,"MLASC"
"2118...1500",84,1,12,"MLASC"
"2218...1501",95,1,12,"MLASC"
"2318...1502",99,1,12,"MLASC"
"2418...1503",91,1,12,"MLASC"
"2517...1504",99,1,12,"MLASC"
"2616...1505",100,1,12,"MLASC"
"2711...1506",59,1,12,"MLASC"
"289...1507",58,1,12,"MLASC"
"297...1508",99,1,12,"MLASC"
"307...1509",100,1,12,"MLASC"
"3112...1510",100,1,12,"MLASC"
"329...1511",99,1,12,"MLASC"
"336...1512",88,0,12,"MLASC"
"346...1513",84,0,12,"MLASC"
"356...1514",35,0,12,"MLASC"
"364...1515",52,0,12,"MLASC"
"374...1516",67,0,12,"MLASC"
"383...1517",80,0,12,"MLASC"
"393...1518",93,0,12,"MLASC"
"403...1519",100,0,12,"MLASC"
"4110...1520",100,0,12,"MLASC"
"425...1521",74,0,12,"MLASC"
"290...1522",96,1,13,"MLASC"
"330...1523",98,1,13,"MLASC"
"426...1524",91,1,13,"MLASC"
"525...1525",100,1,13,"MLASC"
"623...1526",100,1,13,"MLASC"
"723...1527",96,1,13,"MLASC"
"822...1528",98,1,13,"MLASC"
"922...1529",87,1,13,"MLASC"
"1022...1530",100,1,13,"MLASC"
"1120...1531",98,1,13,"MLASC"
"1220...1532",89,1,13,"MLASC"
"1320...1533",97,1,13,"MLASC"
"1420...1534",95,1,13,"MLASC"
"1519...1535",63,1,13,"MLASC"
"1619...1536",96,1,13,"MLASC"
"1719...1537",97,1,13,"MLASC"
"1819...1538",90,1,13,"MLASC"
"1919...1539",100,1,13,"MLASC"
"2019...1540",52,1,13,"MLASC"
"2119...1541",100,1,13,"MLASC"
"2219...1542",100,1,13,"MLASC"
"2319...1543",95,1,13,"MLASC"
"2419...1544",95,1,13,"MLASC"
"2518...1545",74,1,13,"MLASC"
"2617...1546",100,1,13,"MLASC"
"2712...1547",100,1,13,"MLASC"
"2810...1548",80,1,13,"MLASC"
"298...1549",100,1,13,"MLASC"
"308...1550",92,1,13,"MLASC"
"3113...1551",100,1,13,"MLASC"
"3210...1552",100,1,13,"MLASC"
"337...1553",100,1,13,"MLASC"
"347...1554",96,0,13,"MLASC"
"357...1555",65,0,13,"MLASC"
"365...1556",71,0,13,"MLASC"
"375...1557",60,0,13,"MLASC"
"299...1558",99,1,14,"MLASC"
"338...1559",88,1,14,"MLASC"
"427...1560",78,1,14,"MLASC"
"526...1561",99,1,14,"MLASC"
"624...1562",99,1,14,"MLASC"
"724...1563",100,1,14,"MLASC"
"823...1564",90,1,14,"MLASC"
"923...1565",100,1,14,"MLASC"
"1023...1566",99,1,14,"MLASC"
"1121...1567",100,1,14,"MLASC"
"1221...1568",100,1,14,"MLASC"
"1321...1569",100,1,14,"MLASC"
"1421...1570",100,1,14,"MLASC"
"1520...1571",100,1,14,"MLASC"
"1620...1572",100,1,14,"MLASC"
"1720...1573",100,1,14,"MLASC"
"1820...1574",100,1,14,"MLASC"
"1920...1575",100,1,14,"MLASC"
"2020...1576",100,1,14,"MLASC"
"2120...1577",100,1,14,"MLASC"
"2220...1578",100,1,14,"MLASC"
"2320...1579",99,1,14,"MLASC"
"2420...1580",86,1,14,"MLASC"
"2519...1581",100,1,14,"MLASC"
"2618...1582",100,1,14,"MLASC"
"2713...1583",77,1,14,"MLASC"
"2811...1584",100,1,14,"MLASC"
"2910...1585",100,1,14,"MLASC"
"309...1586",94,1,14,"MLASC"
"3114...1587",99,1,14,"MLASC"
"3211...1588",86,1,14,"MLASC"
"339...1589",97,1,14,"MLASC"
"348...1590",99,1,14,"MLASC"
"358...1591",100,1,14,"MLASC"
"366...1592",96,1,14,"MLASC"
"376...1593",100,1,14,"MLASC"
"384...1594",100,1,14,"MLASC"
"394...1595",85,0,14,"MLASC"
"404...1596",90,0,14,"MLASC"
"4111...1597",99,0,14,"MLASC"
"428...1598",74,0,14,"MLASC"
"433...1599",54,0,14,"MLASC"
"443...1600",66,0,14,"MLASC"
"453...1601",47,0,14,"MLASC"
"463...1602",37,0,14,"MLASC"
"473...1603",34,0,14,"MLASC"
"483...1604",47,0,14,"MLASC"
"493...1605",89,0,14,"MLASC"
"503...1606",81,0,14,"MLASC"
"5110...1607",76,0,14,"MLASC"
"527...1608",95,0,14,"MLASC"
"533...1609",80,0,14,"MLASC"
"543...1610",100,0,14,"MLASC"
"553...1611",78,0,14,"MLASC"
"563...1612",74,0,14,"MLASC"
"573...1613",86,0,14,"MLASC"
"582...1614",85,0,14,"MLASC"
"592...1615",93,0,14,"MLASC"
"602...1616",68,0,14,"MLASC"
"2100...1617",94,1,15,"MLASC"
"340...1618",100,1,15,"MLASC"
"429...1619",99,1,15,"MLASC"
"528...1620",100,1,15,"MLASC"
"625...1621",84,1,15,"MLASC"
"725...1622",100,1,15,"MLASC"
"824...1623",75,1,15,"MLASC"
"924...1624",94,1,15,"MLASC"
"1024...1625",100,1,15,"MLASC"
"1122...1626",100,1,15,"MLASC"
"1222...1627",100,1,15,"MLASC"
"1322...1628",99,1,15,"MLASC"
"1422...1629",100,1,15,"MLASC"
"1521...1630",100,1,15,"MLASC"
"1621...1631",100,1,15,"MLASC"
"1721...1632",97,0,15,"MLASC"
"1821...1633",51,0,15,"MLASC"
"1921...1634",30,0,15,"MLASC"
"2021...1635",100,0,15,"MLASC"
"2121...1636",99,0,15,"MLASC"
"2221...1637",100,0,15,"MLASC"
"2321...1638",100,0,15,"MLASC"
"2421...1639",80,0,15,"MLASC"
"2520...1640",99,0,15,"MLASC"
"2619...1641",90,0,15,"MLASC"
"2714...1642",100,0,15,"MLASC"
"2812...1643",99,0,15,"MLASC"
"2911...1644",96,0,15,"MLASC"
"3010...1645",68,0,15,"MLASC"
"3115...1646",97,0,15,"MLASC"
"3212...1647",77,0,15,"MLASC"
"3310...1648",100,0,15,"MLASC"
"349...1649",48,0,15,"MLASC"
"359...1650",35,0,15,"MLASC"
"367...1651",52,0,15,"MLASC"
"377...1652",100,0,15,"MLASC"
"385...1653",71,0,15,"MLASC"
"395...1654",68,0,15,"MLASC"
"405...1655",97,0,15,"MLASC"
"4112...1656",100,0,15,"MLASC"
"2101...1657",100,1,16,"MLASC"
"350...1658",100,1,16,"MLASC"
"430...1659",100,1,16,"MLASC"
"529...1660",65,1,16,"MLASC"
"626...1661",100,1,16,"MLASC"
"726...1662",100,1,16,"MLASC"
"825...1663",100,1,16,"MLASC"
"2102...1664",100,1,17,"MLASC"
"360...1665",78,1,17,"MLASC"
"434...1666",100,1,17,"MLASC"
"530...1667",64,1,17,"MLASC"
"627...1668",82,1,17,"MLASC"
"727...1669",96,1,17,"MLASC"
"826...1670",99,1,17,"MLASC"
"925...1671",85,1,17,"MLASC"
"1025...1672",68,1,17,"MLASC"
"1123...1673",100,1,17,"MLASC"
"1223...1674",97,1,17,"MLASC"
"1323...1675",91,1,17,"MLASC"
"1423...1676",67,1,17,"MLASC"
"1522...1677",100,1,17,"MLASC"
"1622...1678",99,1,17,"MLASC"
"1722...1679",99,1,17,"MLASC"
"1822...1680",99,1,17,"MLASC"
"1922...1681",91,1,17,"MLASC"
"2022...1682",95,1,17,"MLASC"
"2122...1683",99,1,17,"MLASC"
"2222...1684",98,1,17,"MLASC"
"2322...1685",100,1,17,"MLASC"
"2422...1686",100,1,17,"MLASC"
"2521...1687",100,1,17,"MLASC"
"2620...1688",64,0,17,"MLASC"
"2715...1689",27,0,17,"MLASC"
"2813...1690",47,0,17,"MLASC"
"2912...1691",56,0,17,"MLASC"
"3011...1692",68,0,17,"MLASC"
"3116...1693",53,0,17,"MLASC"
"3213...1694",67,0,17,"MLASC"
"3311...1695",66,0,17,"MLASC"
"2103...1696",100,1,18,"MLASC"
"368...1697",100,1,18,"MLASC"
"435...1698",100,1,18,"MLASC"
"534...1699",79,1,18,"MLASC"
"628...1700",100,1,18,"MLASC"
"728...1701",100,1,18,"MLASC"
"827...1702",100,1,18,"MLASC"
"926...1703",100,1,18,"MLASC"
"1026...1704",100,1,18,"MLASC"
"1124...1705",98,1,18,"MLASC"
"1224...1706",100,1,18,"MLASC"
"1324...1707",100,1,18,"MLASC"
"1424...1708",100,1,18,"MLASC"
"1523...1709",100,1,18,"MLASC"
"1623...1710",100,1,18,"MLASC"
"1723...1711",100,1,18,"MLASC"
"1823...1712",100,1,18,"MLASC"
"1923...1713",98,1,18,"MLASC"
"2023...1714",100,1,18,"MLASC"
"2123...1715",100,1,18,"MLASC"
"2223...1716",94,1,18,"MLASC"
"2323...1717",100,1,18,"MLASC"
"2423...1718",100,1,18,"MLASC"
"2522...1719",79,1,18,"MLASC"
"2621...1720",100,1,18,"MLASC"
"2716...1721",59,1,18,"MLASC"
"2814...1722",99,1,18,"MLASC"
"2913...1723",70,1,18,"MLASC"
"3012...1724",93,1,18,"MLASC"
"3117...1725",100,1,18,"MLASC"
"3214...1726",100,1,18,"MLASC"
"3312...1727",100,1,18,"MLASC"
"3410...1728",65,1,18,"MLASC"
"3510...1729",100,1,18,"MLASC"
"369...1730",100,1,18,"MLASC"
"378...1731",100,1,18,"MLASC"
"386...1732",55,1,18,"MLASC"
"396...1733",100,1,18,"MLASC"
"406...1734",100,1,18,"MLASC"
"4113...1735",95,1,18,"MLASC"
"4210...1736",96,1,18,"MLASC"
"436...1737",96,1,18,"MLASC"
"444...1738",100,1,18,"MLASC"
"454...1739",100,1,18,"MLASC"
"464...1740",100,1,18,"MLASC"
"474...1741",100,1,18,"MLASC"
"484...1742",100,1,18,"MLASC"
"494...1743",100,1,18,"MLASC"
"504...1744",56,1,18,"MLASC"
"5111...1745",57,1,18,"MLASC"
"5210...1746",100,1,18,"MLASC"
"535...1747",100,1,18,"MLASC"
"544...1748",100,1,18,"MLASC"
"554...1749",100,1,18,"MLASC"
"564...1750",94,1,18,"MLASC"
"574...1751",100,1,18,"MLASC"
"583...1752",100,1,18,"MLASC"
"593...1753",100,1,18,"MLASC"
"603...1754",100,1,18,"MLASC"
"6110...1755",99,1,18,"MLASC"
"629...1756",100,1,18,"MLASC"
"632...1757",100,1,18,"MLASC"
"642...1758",100,1,18,"MLASC"
"652...1759",100,1,18,"MLASC"
"662...1760",100,1,18,"MLASC"
"672...1761",53,1,18,"MLASC"
"682...1762",100,1,18,"MLASC"
"692...1763",100,1,18,"MLASC"
"702...1764",100,1,18,"MLASC"
"7110...1765",94,1,18,"MLASC"
"729...1766",100,1,18,"MLASC"
"732...1767",100,1,18,"MLASC"
"742...1768",100,1,18,"MLASC"
"752...1769",100,1,18,"MLASC"
"762...1770",100,1,18,"MLASC"
"772...1771",91,1,18,"MLASC"
"782...1772",100,1,18,"MLASC"
"792...1773",100,1,18,"MLASC"
"802...1774",100,1,18,"MLASC"
"8110...1775",100,1,18,"MLASC"
"828...1776",100,1,18,"MLASC"
"832...1777",100,1,18,"MLASC"
"842...1778",79,1,18,"MLASC"
"852...1779",100,1,18,"MLASC"
"862...1780",100,1,18,"MLASC"
"872...1781",43,0,18,"MLASC"
"882...1782",54,0,18,"MLASC"
"892...1783",100,0,18,"MLASC"
"902...1784",53,0,18,"MLASC"
"2104...1785",62,1,19,"MLASC"
"370...1786",100,1,19,"MLASC"
"437...1787",62,1,19,"MLASC"
"536...1788",100,1,19,"MLASC"
"630...1789",100,1,19,"MLASC"
"730...1790",100,1,19,"MLASC"
"829...1791",96,1,19,"MLASC"
"927...1792",88,1,19,"MLASC"
"1027...1793",100,1,19,"MLASC"
"1125...1794",84,1,19,"MLASC"
"1225...1795",99,1,19,"MLASC"
"1325...1796",100,1,19,"MLASC"
"1425...1797",100,1,19,"MLASC"
"1524...1798",94,1,19,"MLASC"
"1624...1799",98,1,19,"MLASC"
"1724...1800",100,1,19,"MLASC"
"1824...1801",99,1,19,"MLASC"
"1924...1802",100,1,19,"MLASC"
"2024...1803",57,1,19,"MLASC"
"2124...1804",100,1,19,"MLASC"
"2224...1805",100,1,19,"MLASC"
"2324...1806",100,1,19,"MLASC"
"2424...1807",99,1,19,"MLASC"
"2523...1808",93,1,19,"MLASC"
"2622...1809",98,1,19,"MLASC"
"2717...1810",72,1,19,"MLASC"
"2815...1811",61,1,19,"MLASC"
"2914...1812",88,1,19,"MLASC"
"3013...1813",99,1,19,"MLASC"
"3118...1814",58,1,19,"MLASC"
"3215...1815",100,1,19,"MLASC"
"3313...1816",100,1,19,"MLASC"
"3411...1817",100,1,19,"MLASC"
"3511...1818",100,1,19,"MLASC"
"3610...1819",100,1,19,"MLASC"
"379...1820",100,1,19,"MLASC"
"387...1821",91,1,19,"MLASC"
"397...1822",70,1,19,"MLASC"
"407...1823",100,1,19,"MLASC"
"4114...1824",100,1,19,"MLASC"
"4211...1825",100,1,19,"MLASC"
"438...1826",66,1,19,"MLASC"
"445...1827",65,1,19,"MLASC"
"455...1828",100,1,19,"MLASC"
"465...1829",100,1,19,"MLASC"
"475...1830",100,1,19,"MLASC"
"485...1831",100,1,19,"MLASC"
"495...1832",100,1,19,"MLASC"
"505...1833",100,1,19,"MLASC"
"5112...1834",94,0,19,"MLASC"
"2105...1835",100,1,20,"MLASC"
"380...1836",100,1,20,"MLASC"
"439...1837",100,1,20,"MLASC"
"537...1838",100,1,20,"MLASC"
"633...1839",100,1,20,"MLASC"
"733...1840",100,1,20,"MLASC"
"830...1841",98,1,20,"MLASC"
"928...1842",100,1,20,"MLASC"
"1028...1843",100,1,20,"MLASC"
"1126...1844",94,1,20,"MLASC"
"1226...1845",100,1,20,"MLASC"
"1326...1846",100,1,20,"MLASC"
"1426...1847",100,1,20,"MLASC"
"1525...1848",100,1,20,"MLASC"
"1625...1849",100,1,20,"MLASC"
"1725...1850",98,1,20,"MLASC"
"1825...1851",100,1,20,"MLASC"
"1925...1852",100,1,20,"MLASC"
"2025...1853",100,1,20,"MLASC"
"2125...1854",100,1,20,"MLASC"
"2225...1855",100,1,20,"MLASC"
"2325...1856",100,1,20,"MLASC"
"2425...1857",100,1,20,"MLASC"
"2524...1858",100,1,20,"MLASC"
"2623...1859",100,1,20,"MLASC"
"2718...1860",100,1,20,"MLASC"
"2816...1861",100,1,20,"MLASC"
"2915...1862",100,1,20,"MLASC"
"3014...1863",100,1,20,"MLASC"
"3119...1864",98,1,20,"MLASC"
"3216...1865",94,1,20,"MLASC"
"3314...1866",100,1,20,"MLASC"
"3412...1867",100,1,20,"MLASC"
"3512...1868",100,1,20,"MLASC"
"3611...1869",100,1,20,"MLASC"
"3710...1870",87,1,20,"MLASC"
"388...1871",98,1,20,"MLASC"
"398...1872",100,1,20,"MLASC"
"408...1873",100,1,20,"MLASC"
"4115...1874",100,1,20,"MLASC"
"4212...1875",98,1,20,"MLASC"
"4310...1876",96,1,20,"MLASC"
"446...1877",100,1,20,"MLASC"
"456...1878",100,1,20,"MLASC"
"466...1879",100,1,20,"MLASC"
"476...1880",100,1,20,"MLASC"
"486...1881",100,1,20,"MLASC"
"496...1882",100,1,20,"MLASC"
"506...1883",99,1,20,"MLASC"
"5113...1884",100,1,20,"MLASC"
"5211...1885",100,1,20,"MLASC"
"538...1886",100,1,20,"MLASC"
"545...1887",92,1,20,"MLASC"
"555...1888",100,1,20,"MLASC"
"565...1889",100,1,20,"MLASC"
"575...1890",100,1,20,"MLASC"
"584...1891",78,0,20,"MLASC"
"594...1892",74,0,20,"MLASC"
"604...1893",100,0,20,"MLASC"
"6111...1894",97,0,20,"MLASC"
"6210...1895",78,0,20,"MLASC"
"634...1896",100,0,20,"MLASC"
"643...1897",87,0,20,"MLASC"
"653...1898",79,0,20,"MLASC"
"663...1899",97,0,20,"MLASC"
"673...1900",77,0,20,"MLASC"
"683...1901",99,0,20,"MLASC"
"693...1902",95,0,20,"MLASC"
"703...1903",98,0,20,"MLASC"
"7111...1904",90,0,20,"MLASC"
"7210...1905",90,0,20,"MLASC"
"734...1906",45,0,20,"MLASC"
"743...1907",33,0,20,"MLASC"
"753...1908",16,0,20,"MLASC"
"763...1909",32,0,20,"MLASC"
"773...1910",26,0,20,"MLASC"
"783...1911",38,0,20,"MLASC"
"793...1912",100,0,20,"MLASC"
"803...1913",47,0,20,"MLASC"
"8111...1914",48,0,20,"MLASC"
"8210...1915",52,0,20,"MLASC"
"833...1916",77,0,20,"MLASC"
"843...1917",100,0,20,"MLASC"
"853...1918",77,0,20,"MLASC"
"863...1919",99,0,20,"MLASC"
"873...1920",100,0,20,"MLASC"
"883...1921",100,0,20,"MLASC"
"893...1922",98,0,20,"MLASC"
"903...1923",89,0,20,"MLASC"
"9110...1924",100,0,20,"MLASC"
"929...1925",96,0,20,"MLASC"
"2106...1926",100,1,21,"MLASC"
"389...1927",99,1,21,"MLASC"
"440...1928",62,1,21,"MLASC"
"539...1929",100,1,21,"MLASC"
"635...1930",99,1,21,"MLASC"
"735...1931",100,1,21,"MLASC"
"834...1932",100,1,21,"MLASC"
"930...1933",100,1,21,"MLASC"
"1029...1934",100,1,21,"MLASC"
"1127...1935",100,1,21,"MLASC"
"1227...1936",100,1,21,"MLASC"
"1327...1937",100,1,21,"MLASC"
"1427...1938",100,1,21,"MLASC"
"1526...1939",100,0,21,"MLASC"
"1626...1940",86,0,21,"MLASC"
"1726...1941",100,0,21,"MLASC"
"1826...1942",50,0,21,"MLASC"
"2107...1943",100,1,22,"MLASC"
"390...1944",100,1,22,"MLASC"
"447...1945",100,1,22,"MLASC"
"540...1946",77,1,22,"MLASC"
"636...1947",85,1,22,"MLASC"
"736...1948",91,1,22,"MLASC"
"835...1949",90,1,22,"MLASC"
"932...1950",100,1,22,"MLASC"
"1030...1951",92,1,22,"MLASC"
"1128...1952",100,1,22,"MLASC"
"1228...1953",100,1,22,"MLASC"
"1328...1954",100,1,22,"MLASC"
"1428...1955",98,1,22,"MLASC"
"1527...1956",100,1,22,"MLASC"
"1627...1957",100,1,22,"MLASC"
"1727...1958",100,1,22,"MLASC"
"1827...1959",100,1,22,"MLASC"
"1926...1960",100,1,22,"MLASC"
"2026...1961",100,1,22,"MLASC"
"2126...1962",100,1,22,"MLASC"
"2226...1963",100,1,22,"MLASC"
"2326...1964",99,1,22,"MLASC"
"2426...1965",100,1,22,"MLASC"
"2525...1966",100,1,22,"MLASC"
"2624...1967",100,1,22,"MLASC"
"2719...1968",100,1,22,"MLASC"
"2817...1969",80,1,22,"MLASC"
"2916...1970",100,1,22,"MLASC"
"3015...1971",100,1,22,"MLASC"
"3120...1972",100,1,22,"MLASC"
"3217...1973",100,1,22,"MLASC"
"3315...1974",100,1,22,"MLASC"
"3413...1975",100,1,22,"MLASC"
"3513...1976",100,1,22,"MLASC"
"3612...1977",99,1,22,"MLASC"
"3711...1978",100,1,22,"MLASC"
"3810...1979",100,1,22,"MLASC"
"399...1980",100,1,22,"MLASC"
"409...1981",100,1,22,"MLASC"
"4116...1982",98,1,22,"MLASC"
"4213...1983",100,1,22,"MLASC"
"2...1984",100,1,1,"MLnoASC"
"3...1985",100,1,1,"MLnoASC"
"4...1986",96,1,1,"MLnoASC"
"5...1987",100,1,1,"MLnoASC"
"6...1988",100,1,1,"MLnoASC"
"7...1989",41,0,1,"MLnoASC"
"266...1990",69,1,2,"MLnoASC"
"310...1991",60,1,2,"MLnoASC"
"410...1992",100,1,2,"MLnoASC"
"510...1993",28,1,2,"MLnoASC"
"610...1994",96,1,2,"MLnoASC"
"710...1995",100,1,2,"MLnoASC"
"8...1996",53,1,2,"MLnoASC"
"9...1997",28,1,2,"MLnoASC"
"10...1998",100,1,2,"MLnoASC"
"11...1999",100,1,2,"MLnoASC"
"12...2000",100,1,2,"MLnoASC"
"13...2001",100,1,2,"MLnoASC"
"14...2002",57,1,2,"MLnoASC"
"15...2003",85,1,2,"MLnoASC"
"16...2004",83,1,2,"MLnoASC"
"17...2005",99,1,2,"MLnoASC"
"18...2006",99,1,2,"MLnoASC"
"19...2007",100,1,2,"MLnoASC"
"20...2008",89,1,2,"MLnoASC"
"21...2009",99,1,2,"MLnoASC"
"22...2010",62,1,2,"MLnoASC"
"23...2011",24,1,2,"MLnoASC"
"24...2012",91,1,2,"MLnoASC"
"25...2013",100,1,2,"MLnoASC"
"26...2014",100,1,2,"MLnoASC"
"27...2015",86,1,2,"MLnoASC"
"28...2016",61,1,2,"MLnoASC"
"29...2017",88,1,2,"MLnoASC"
"30...2018",100,1,2,"MLnoASC"
"31...2019",31,1,2,"MLnoASC"
"32...2020",82,1,2,"MLnoASC"
"33...2021",100,1,2,"MLnoASC"
"34...2022",82,1,2,"MLnoASC"
"35...2023",72,1,2,"MLnoASC"
"36...2024",100,1,2,"MLnoASC"
"37...2025",100,1,2,"MLnoASC"
"38...2026",100,1,2,"MLnoASC"
"39...2027",100,1,2,"MLnoASC"
"40...2028",63,1,2,"MLnoASC"
"41...2029",100,1,2,"MLnoASC"
"42...2030",49,1,2,"MLnoASC"
"43...2031",100,1,2,"MLnoASC"
"44...2032",100,1,2,"MLnoASC"
"45...2033",100,1,2,"MLnoASC"
"46...2034",79,1,2,"MLnoASC"
"47...2035",97,1,2,"MLnoASC"
"48...2036",100,1,2,"MLnoASC"
"49...2037",100,1,2,"MLnoASC"
"50...2038",100,1,2,"MLnoASC"
"51...2039",100,1,2,"MLnoASC"
"52...2040",100,1,2,"MLnoASC"
"53...2041",100,1,2,"MLnoASC"
"54...2042",100,1,2,"MLnoASC"
"55...2043",100,1,2,"MLnoASC"
"56...2044",100,1,2,"MLnoASC"
"57...2045",100,1,2,"MLnoASC"
"58...2046",66,1,2,"MLnoASC"
"59...2047",100,1,2,"MLnoASC"
"60...2048",90,1,2,"MLnoASC"
"61...2049",100,1,2,"MLnoASC"
"62...2050",100,1,2,"MLnoASC"
"63...2051",100,1,2,"MLnoASC"
"64...2052",100,1,2,"MLnoASC"
"65...2053",100,1,2,"MLnoASC"
"66...2054",100,1,2,"MLnoASC"
"67...2055",93,1,2,"MLnoASC"
"68...2056",97,1,2,"MLnoASC"
"69...2057",37,1,2,"MLnoASC"
"70...2058",98,1,2,"MLnoASC"
"71...2059",100,1,2,"MLnoASC"
"72...2060",69,1,2,"MLnoASC"
"73...2061",100,1,2,"MLnoASC"
"74...2062",48,1,2,"MLnoASC"
"75...2063",64,1,2,"MLnoASC"
"76...2064",100,1,2,"MLnoASC"
"77...2065",100,1,2,"MLnoASC"
"78...2066",89,1,2,"MLnoASC"
"79...2067",100,1,2,"MLnoASC"
"80...2068",68,1,2,"MLnoASC"
"81...2069",97,1,2,"MLnoASC"
"82...2070",100,1,2,"MLnoASC"
"83...2071",100,1,2,"MLnoASC"
"84...2072",100,1,2,"MLnoASC"
"85...2073",100,1,2,"MLnoASC"
"86...2074",50,1,2,"MLnoASC"
"87...2075",34,1,2,"MLnoASC"
"88...2076",78,1,2,"MLnoASC"
"89...2077",56,1,2,"MLnoASC"
"90...2078",100,1,2,"MLnoASC"
"91...2079",100,1,2,"MLnoASC"
"92...2080",96,1,2,"MLnoASC"
"93...2081",100,1,2,"MLnoASC"
"94...2082",100,1,2,"MLnoASC"
"95...2083",100,1,2,"MLnoASC"
"96...2084",100,1,2,"MLnoASC"
"97...2085",100,1,2,"MLnoASC"
"98...2086",49,1,2,"MLnoASC"
"99...2087",100,1,2,"MLnoASC"
"100...2088",100,1,2,"MLnoASC"
"101...2089",100,1,2,"MLnoASC"
"102...2090",83,1,2,"MLnoASC"
"103...2091",100,1,2,"MLnoASC"
"104...2092",100,1,2,"MLnoASC"
"105...2093",97,1,2,"MLnoASC"
"106...2094",100,1,2,"MLnoASC"
"107...2095",100,1,2,"MLnoASC"
"108...2096",78,1,2,"MLnoASC"
"109...2097",61,1,2,"MLnoASC"
"110...2098",100,1,2,"MLnoASC"
"111...2099",100,1,2,"MLnoASC"
"112...2100",44,1,2,"MLnoASC"
"113...2101",69,1,2,"MLnoASC"
"114...2102",100,1,2,"MLnoASC"
"115...2103",94,1,2,"MLnoASC"
"116...2104",100,1,2,"MLnoASC"
"117...2105",96,1,2,"MLnoASC"
"118...2106",67,1,2,"MLnoASC"
"119...2107",100,1,2,"MLnoASC"
"120...2108",100,1,2,"MLnoASC"
"121...2109",50,1,2,"MLnoASC"
"122...2110",100,1,2,"MLnoASC"
"123...2111",79,1,2,"MLnoASC"
"124...2112",100,1,2,"MLnoASC"
"125...2113",100,1,2,"MLnoASC"
"126...2114",100,1,2,"MLnoASC"
"127...2115",100,1,2,"MLnoASC"
"128...2116",62,1,2,"MLnoASC"
"129...2117",100,1,2,"MLnoASC"
"130...2118",76,1,2,"MLnoASC"
"131...2119",74,1,2,"MLnoASC"
"132...2120",65,1,2,"MLnoASC"
"133...2121",100,1,2,"MLnoASC"
"134...2122",100,1,2,"MLnoASC"
"135...2123",57,1,2,"MLnoASC"
"136...2124",100,1,2,"MLnoASC"
"137...2125",60,1,2,"MLnoASC"
"138...2126",100,1,2,"MLnoASC"
"139...2127",42,1,2,"MLnoASC"
"140...2128",100,1,2,"MLnoASC"
"141...2129",51,1,2,"MLnoASC"
"142...2130",56,1,2,"MLnoASC"
"143...2131",32,1,2,"MLnoASC"
"144...2132",100,1,2,"MLnoASC"
"145...2133",97,1,2,"MLnoASC"
"146...2134",21,1,2,"MLnoASC"
"147...2135",87,1,2,"MLnoASC"
"148...2136",91,1,2,"MLnoASC"
"149...2137",96,1,2,"MLnoASC"
"150...2138",100,1,2,"MLnoASC"
"151...2139",56,1,2,"MLnoASC"
"152...2140",46,1,2,"MLnoASC"
"153...2141",65,1,2,"MLnoASC"
"154...2142",94,1,2,"MLnoASC"
"155...2143",96,1,2,"MLnoASC"
"156...2144",52,1,2,"MLnoASC"
"157...2145",64,1,2,"MLnoASC"
"158...2146",51,1,2,"MLnoASC"
"159...2147",91,1,2,"MLnoASC"
"160...2148",29,1,2,"MLnoASC"
"161...2149",100,1,2,"MLnoASC"
"162...2150",93,1,2,"MLnoASC"
"163...2151",100,1,2,"MLnoASC"
"164...2152",76,1,2,"MLnoASC"
"165...2153",100,1,2,"MLnoASC"
"166...2154",62,1,2,"MLnoASC"
"167...2155",82,1,2,"MLnoASC"
"168...2156",100,1,2,"MLnoASC"
"169...2157",37,1,2,"MLnoASC"
"170...2158",50,1,2,"MLnoASC"
"171...2159",73,1,2,"MLnoASC"
"172...2160",87,1,2,"MLnoASC"
"173...2161",62,1,2,"MLnoASC"
"174...2162",49,1,2,"MLnoASC"
"175...2163",40,1,2,"MLnoASC"
"176...2164",75,1,2,"MLnoASC"
"177...2165",96,1,2,"MLnoASC"
"178...2166",60,1,2,"MLnoASC"
"179...2167",98,1,2,"MLnoASC"
"180...2168",100,1,2,"MLnoASC"
"181...2169",91,1,2,"MLnoASC"
"182...2170",73,1,2,"MLnoASC"
"183...2171",37,1,2,"MLnoASC"
"184...2172",79,1,2,"MLnoASC"
"185...2173",44,1,2,"MLnoASC"
"186...2174",100,1,2,"MLnoASC"
"187...2175",96,1,2,"MLnoASC"
"188...2176",100,1,2,"MLnoASC"
"189...2177",100,1,2,"MLnoASC"
"190...2178",96,1,2,"MLnoASC"
"191...2179",100,1,2,"MLnoASC"
"192...2180",62,1,2,"MLnoASC"
"193...2181",100,1,2,"MLnoASC"
"194...2182",58,1,2,"MLnoASC"
"195...2183",100,1,2,"MLnoASC"
"196...2184",54,1,2,"MLnoASC"
"197...2185",100,1,2,"MLnoASC"
"198...2186",72,1,2,"MLnoASC"
"199...2187",100,1,2,"MLnoASC"
"200...2188",89,1,2,"MLnoASC"
"201...2189",100,1,2,"MLnoASC"
"202...2190",100,1,2,"MLnoASC"
"203...2191",90,1,2,"MLnoASC"
"204...2192",100,1,2,"MLnoASC"
"205...2193",100,1,2,"MLnoASC"
"206...2194",100,1,2,"MLnoASC"
"207...2195",79,1,2,"MLnoASC"
"208...2196",100,1,2,"MLnoASC"
"209...2197",100,1,2,"MLnoASC"
"210...2198",100,1,2,"MLnoASC"
"211...2199",86,1,2,"MLnoASC"
"212...2200",100,1,2,"MLnoASC"
"213...2201",99,1,2,"MLnoASC"
"214...2202",100,1,2,"MLnoASC"
"215...2203",100,1,2,"MLnoASC"
"216...2204",100,1,2,"MLnoASC"
"217...2205",100,1,2,"MLnoASC"
"218...2206",36,1,2,"MLnoASC"
"219...2207",61,1,2,"MLnoASC"
"220...2208",88,1,2,"MLnoASC"
"221...2209",27,1,2,"MLnoASC"
"222...2210",100,1,2,"MLnoASC"
"223...2211",100,1,2,"MLnoASC"
"224...2212",100,1,2,"MLnoASC"
"225...2213",100,1,2,"MLnoASC"
"226...2214",98,1,2,"MLnoASC"
"227...2215",61,1,2,"MLnoASC"
"228...2216",100,1,2,"MLnoASC"
"229...2217",67,1,2,"MLnoASC"
"230...2218",68,1,2,"MLnoASC"
"231...2219",100,1,2,"MLnoASC"
"232...2220",100,1,2,"MLnoASC"
"233...2221",100,1,2,"MLnoASC"
"234...2222",53,1,2,"MLnoASC"
"235...2223",100,1,2,"MLnoASC"
"236...2224",54,1,2,"MLnoASC"
"237...2225",100,1,2,"MLnoASC"
"238...2226",100,1,2,"MLnoASC"
"239...2227",83,1,2,"MLnoASC"
"240...2228",54,1,2,"MLnoASC"
"241...2229",100,1,2,"MLnoASC"
"242...2230",100,1,2,"MLnoASC"
"243...2231",65,1,2,"MLnoASC"
"244...2232",97,1,2,"MLnoASC"
"245...2233",100,1,2,"MLnoASC"
"246...2234",100,1,2,"MLnoASC"
"247...2235",100,1,2,"MLnoASC"
"248...2236",70,1,2,"MLnoASC"
"249...2237",63,1,2,"MLnoASC"
"250...2238",97,1,2,"MLnoASC"
"251...2239",100,1,2,"MLnoASC"
"252...2240",100,1,2,"MLnoASC"
"253...2241",26,0,2,"MLnoASC"
"254...2242",38,0,2,"MLnoASC"
"255...2243",28,0,2,"MLnoASC"
"256...2244",52,0,2,"MLnoASC"
"257...2245",6,0,2,"MLnoASC"
"258...2246",4,0,2,"MLnoASC"
"259...2247",9,0,2,"MLnoASC"
"260...2248",43,0,2,"MLnoASC"
"261...2249",39,0,2,"MLnoASC"
"262...2250",46,0,2,"MLnoASC"
"263...2251",45,0,2,"MLnoASC"
"264...2252",50,0,2,"MLnoASC"
"265...2253",28,0,2,"MLnoASC"
"267...2254",99,1,3,"MLnoASC"
"311...2255",100,1,3,"MLnoASC"
"411...2256",100,1,3,"MLnoASC"
"511...2257",100,1,3,"MLnoASC"
"611...2258",100,1,3,"MLnoASC"
"711...2259",99,1,3,"MLnoASC"
"810...2260",100,1,3,"MLnoASC"
"910...2261",100,1,3,"MLnoASC"
"1010...2262",100,1,3,"MLnoASC"
"1110...2263",100,1,3,"MLnoASC"
"1210...2264",94,1,3,"MLnoASC"
"1310...2265",100,1,3,"MLnoASC"
"1410...2266",99,1,3,"MLnoASC"
"1510...2267",100,1,3,"MLnoASC"
"1610...2268",100,1,3,"MLnoASC"
"1710...2269",100,1,3,"MLnoASC"
"1810...2270",100,1,3,"MLnoASC"
"1910...2271",100,1,3,"MLnoASC"
"2010...2272",100,1,3,"MLnoASC"
"2110...2273",100,1,3,"MLnoASC"
"2210...2274",100,1,3,"MLnoASC"
"2310...2275",66,0,3,"MLnoASC"
"2410...2276",73,0,3,"MLnoASC"
"2510...2277",79,0,3,"MLnoASC"
"268...2278",76,0,3,"MLnoASC"
"269...2279",99,1,4,"MLnoASC"
"312...2280",88,1,4,"MLnoASC"
"412...2281",100,1,4,"MLnoASC"
"512...2282",100,1,4,"MLnoASC"
"612...2283",100,1,4,"MLnoASC"
"712...2284",100,1,4,"MLnoASC"
"811...2285",96,1,4,"MLnoASC"
"911...2286",99,1,4,"MLnoASC"
"1011...2287",88,1,4,"MLnoASC"
"1111...2288",100,1,4,"MLnoASC"
"1211...2289",72,1,4,"MLnoASC"
"1311...2290",91,1,4,"MLnoASC"
"1411...2291",100,1,4,"MLnoASC"
"1511...2292",92,1,4,"MLnoASC"
"1611...2293",96,1,4,"MLnoASC"
"1711...2294",97,1,4,"MLnoASC"
"1811...2295",48,1,4,"MLnoASC"
"1911...2296",100,1,4,"MLnoASC"
"2011...2297",94,1,4,"MLnoASC"
"2111...2298",74,1,4,"MLnoASC"
"2211...2299",92,1,4,"MLnoASC"
"2311...2300",98,1,4,"MLnoASC"
"2411...2301",40,0,4,"MLnoASC"
"2511...2302",52,0,4,"MLnoASC"
"2610...2303",78,0,4,"MLnoASC"
"271...2304",90,0,4,"MLnoASC"
"281...2305",79,0,4,"MLnoASC"
"291...2306",92,0,4,"MLnoASC"
"301...2307",91,0,4,"MLnoASC"
"270...2308",74,1,5,"MLnoASC"
"313...2309",48,1,5,"MLnoASC"
"413...2310",39,1,5,"MLnoASC"
"513...2311",96,1,5,"MLnoASC"
"613...2312",93,1,5,"MLnoASC"
"713...2313",96,1,5,"MLnoASC"
"812...2314",75,1,5,"MLnoASC"
"912...2315",94,1,5,"MLnoASC"
"1012...2316",80,1,5,"MLnoASC"
"1112...2317",95,1,5,"MLnoASC"
"1212...2318",81,1,5,"MLnoASC"
"1312...2319",72,1,5,"MLnoASC"
"1412...2320",43,0,5,"MLnoASC"
"272...2321",100,1,6,"MLnoASC"
"314...2322",86,1,6,"MLnoASC"
"414...2323",100,1,6,"MLnoASC"
"514...2324",100,1,6,"MLnoASC"
"614...2325",97,1,6,"MLnoASC"
"714...2326",100,1,6,"MLnoASC"
"813...2327",100,1,6,"MLnoASC"
"913...2328",100,1,6,"MLnoASC"
"1013...2329",100,1,6,"MLnoASC"
"1113...2330",100,1,6,"MLnoASC"
"1213...2331",100,1,6,"MLnoASC"
"1313...2332",100,1,6,"MLnoASC"
"1413...2333",100,1,6,"MLnoASC"
"1512...2334",100,1,6,"MLnoASC"
"1612...2335",100,1,6,"MLnoASC"
"1712...2336",100,1,6,"MLnoASC"
"1812...2337",100,1,6,"MLnoASC"
"1912...2338",100,1,6,"MLnoASC"
"2012...2339",100,1,6,"MLnoASC"
"2112...2340",100,1,6,"MLnoASC"
"2212...2341",98,1,6,"MLnoASC"
"2312...2342",100,1,6,"MLnoASC"
"2412...2343",98,1,6,"MLnoASC"
"2512...2344",100,1,6,"MLnoASC"
"2611...2345",100,1,6,"MLnoASC"
"273...2346",91,1,6,"MLnoASC"
"282...2347",100,1,6,"MLnoASC"
"292...2348",100,1,6,"MLnoASC"
"302...2349",91,1,6,"MLnoASC"
"315...2350",100,1,6,"MLnoASC"
"321...2351",100,1,6,"MLnoASC"
"331...2352",100,1,6,"MLnoASC"
"341...2353",97,1,6,"MLnoASC"
"351...2354",90,1,6,"MLnoASC"
"361...2355",100,1,6,"MLnoASC"
"371...2356",99,1,6,"MLnoASC"
"381...2357",100,1,6,"MLnoASC"
"391...2358",100,1,6,"MLnoASC"
"401...2359",100,1,6,"MLnoASC"
"415...2360",100,1,6,"MLnoASC"
"421...2361",100,1,6,"MLnoASC"
"431...2362",100,1,6,"MLnoASC"
"441...2363",100,1,6,"MLnoASC"
"451...2364",100,1,6,"MLnoASC"
"461...2365",76,1,6,"MLnoASC"
"471...2366",62,1,6,"MLnoASC"
"481...2367",100,1,6,"MLnoASC"
"491...2368",99,1,6,"MLnoASC"
"501...2369",100,1,6,"MLnoASC"
"515...2370",100,1,6,"MLnoASC"
"521...2371",100,1,6,"MLnoASC"
"531...2372",96,1,6,"MLnoASC"
"541...2373",100,1,6,"MLnoASC"
"551...2374",100,1,6,"MLnoASC"
"561...2375",91,1,6,"MLnoASC"
"571...2376",100,1,6,"MLnoASC"
"581...2377",91,1,6,"MLnoASC"
"591...2378",100,1,6,"MLnoASC"
"601...2379",100,1,6,"MLnoASC"
"615...2380",100,1,6,"MLnoASC"
"621...2381",99,1,6,"MLnoASC"
"631...2382",100,1,6,"MLnoASC"
"641...2383",100,1,6,"MLnoASC"
"651...2384",91,1,6,"MLnoASC"
"661...2385",100,1,6,"MLnoASC"
"671...2386",100,1,6,"MLnoASC"
"681...2387",100,1,6,"MLnoASC"
"691...2388",100,1,6,"MLnoASC"
"701...2389",100,1,6,"MLnoASC"
"715...2390",88,1,6,"MLnoASC"
"721...2391",97,1,6,"MLnoASC"
"731...2392",90,1,6,"MLnoASC"
"741...2393",99,1,6,"MLnoASC"
"751...2394",97,1,6,"MLnoASC"
"761...2395",100,1,6,"MLnoASC"
"771...2396",100,1,6,"MLnoASC"
"781...2397",100,1,6,"MLnoASC"
"791...2398",100,1,6,"MLnoASC"
"801...2399",100,1,6,"MLnoASC"
"814...2400",100,1,6,"MLnoASC"
"821...2401",100,1,6,"MLnoASC"
"831...2402",100,1,6,"MLnoASC"
"841...2403",99,1,6,"MLnoASC"
"851...2404",78,1,6,"MLnoASC"
"861...2405",84,1,6,"MLnoASC"
"871...2406",100,1,6,"MLnoASC"
"881...2407",100,1,6,"MLnoASC"
"891...2408",100,1,6,"MLnoASC"
"901...2409",100,1,6,"MLnoASC"
"914...2410",100,1,6,"MLnoASC"
"921...2411",100,1,6,"MLnoASC"
"931...2412",67,1,6,"MLnoASC"
"941...2413",100,1,6,"MLnoASC"
"951...2414",100,1,6,"MLnoASC"
"961...2415",100,1,6,"MLnoASC"
"971...2416",78,1,6,"MLnoASC"
"981...2417",75,1,6,"MLnoASC"
"991...2418",100,1,6,"MLnoASC"
"1001...2419",100,1,6,"MLnoASC"
"1014...2420",100,1,6,"MLnoASC"
"1021...2421",100,1,6,"MLnoASC"
"1031...2422",100,0,6,"MLnoASC"
"1041...2423",100,0,6,"MLnoASC"
"1051...2424",100,0,6,"MLnoASC"
"274...2425",99,1,7,"MLnoASC"
"316...2426",83,1,7,"MLnoASC"
"416...2427",64,1,7,"MLnoASC"
"516...2428",58,1,7,"MLnoASC"
"616...2429",100,1,7,"MLnoASC"
"716...2430",74,1,7,"MLnoASC"
"815...2431",57,1,7,"MLnoASC"
"915...2432",100,1,7,"MLnoASC"
"1015...2433",66,1,7,"MLnoASC"
"1114...2434",100,1,7,"MLnoASC"
"1214...2435",100,1,7,"MLnoASC"
"1314...2436",87,1,7,"MLnoASC"
"1414...2437",100,1,7,"MLnoASC"
"1513...2438",100,1,7,"MLnoASC"
"1613...2439",72,1,7,"MLnoASC"
"1713...2440",86,1,7,"MLnoASC"
"1813...2441",100,1,7,"MLnoASC"
"1913...2442",66,1,7,"MLnoASC"
"2013...2443",80,1,7,"MLnoASC"
"2113...2444",72,1,7,"MLnoASC"
"2213...2445",100,1,7,"MLnoASC"
"2313...2446",97,1,7,"MLnoASC"
"2413...2447",100,1,7,"MLnoASC"
"2513...2448",40,1,7,"MLnoASC"
"2612...2449",98,1,7,"MLnoASC"
"275...2450",79,1,7,"MLnoASC"
"283...2451",55,1,7,"MLnoASC"
"293...2452",100,1,7,"MLnoASC"
"303...2453",48,1,7,"MLnoASC"
"317...2454",100,1,7,"MLnoASC"
"322...2455",90,1,7,"MLnoASC"
"332...2456",44,0,7,"MLnoASC"
"342...2457",35,0,7,"MLnoASC"
"352...2458",56,0,7,"MLnoASC"
"276...2459",100,1,8,"MLnoASC"
"318...2460",92,1,8,"MLnoASC"
"417...2461",99,1,8,"MLnoASC"
"517...2462",100,1,8,"MLnoASC"
"617...2463",99,1,8,"MLnoASC"
"717...2464",100,1,8,"MLnoASC"
"816...2465",52,1,8,"MLnoASC"
"916...2466",90,1,8,"MLnoASC"
"1016...2467",75,1,8,"MLnoASC"
"1115...2468",91,1,8,"MLnoASC"
"1215...2469",96,1,8,"MLnoASC"
"1315...2470",64,1,8,"MLnoASC"
"1415...2471",90,1,8,"MLnoASC"
"1514...2472",100,1,8,"MLnoASC"
"1614...2473",100,1,8,"MLnoASC"
"1714...2474",87,1,8,"MLnoASC"
"1814...2475",100,1,8,"MLnoASC"
"1914...2476",99,1,8,"MLnoASC"
"2014...2477",100,1,8,"MLnoASC"
"2114...2478",77,1,8,"MLnoASC"
"2214...2479",99,1,8,"MLnoASC"
"2314...2480",66,1,8,"MLnoASC"
"2414...2481",99,1,8,"MLnoASC"
"2514...2482",94,1,8,"MLnoASC"
"2613...2483",100,1,8,"MLnoASC"
"277...2484",79,1,8,"MLnoASC"
"284...2485",56,1,8,"MLnoASC"
"294...2486",100,1,8,"MLnoASC"
"304...2487",100,1,8,"MLnoASC"
"319...2488",60,1,8,"MLnoASC"
"323...2489",31,1,8,"MLnoASC"
"333...2490",42,1,8,"MLnoASC"
"343...2491",80,1,8,"MLnoASC"
"353...2492",43,1,8,"MLnoASC"
"362...2493",97,1,8,"MLnoASC"
"372...2494",100,1,8,"MLnoASC"
"382...2495",87,1,8,"MLnoASC"
"392...2496",99,1,8,"MLnoASC"
"402...2497",90,1,8,"MLnoASC"
"418...2498",91,1,8,"MLnoASC"
"422...2499",98,1,8,"MLnoASC"
"432...2500",51,0,8,"MLnoASC"
"442...2501",73,0,8,"MLnoASC"
"452...2502",86,0,8,"MLnoASC"
"462...2503",77,0,8,"MLnoASC"
"472...2504",49,0,8,"MLnoASC"
"482...2505",26,0,8,"MLnoASC"
"492...2506",39,0,8,"MLnoASC"
"502...2507",51,0,8,"MLnoASC"
"518...2508",40,0,8,"MLnoASC"
"522...2509",50,0,8,"MLnoASC"
"532...2510",14,0,8,"MLnoASC"
"542...2511",38,0,8,"MLnoASC"
"552...2512",44,0,8,"MLnoASC"
"562...2513",60,0,8,"MLnoASC"
"572...2514",50,0,8,"MLnoASC"
"278...2515",100,1,9,"MLnoASC"
"320...2516",100,1,9,"MLnoASC"
"419...2517",100,1,9,"MLnoASC"
"519...2518",100,1,9,"MLnoASC"
"618...2519",100,1,9,"MLnoASC"
"718...2520",94,1,9,"MLnoASC"
"817...2521",100,1,9,"MLnoASC"
"917...2522",100,1,9,"MLnoASC"
"1017...2523",99,1,9,"MLnoASC"
"1116...2524",99,1,9,"MLnoASC"
"1216...2525",100,1,9,"MLnoASC"
"1316...2526",100,1,9,"MLnoASC"
"1416...2527",100,1,9,"MLnoASC"
"1515...2528",100,1,9,"MLnoASC"
"1615...2529",100,1,9,"MLnoASC"
"1715...2530",100,1,9,"MLnoASC"
"1815...2531",100,1,9,"MLnoASC"
"1915...2532",100,1,9,"MLnoASC"
"2015...2533",100,1,9,"MLnoASC"
"2115...2534",100,1,9,"MLnoASC"
"2215...2535",100,1,9,"MLnoASC"
"2315...2536",100,1,9,"MLnoASC"
"2415...2537",100,1,9,"MLnoASC"
"2515...2538",87,1,9,"MLnoASC"
"2614...2539",100,1,9,"MLnoASC"
"279...2540",100,1,9,"MLnoASC"
"285...2541",100,1,9,"MLnoASC"
"295...2542",100,1,9,"MLnoASC"
"305...2543",100,1,9,"MLnoASC"
"3110...2544",99,1,9,"MLnoASC"
"324...2545",100,1,9,"MLnoASC"
"334...2546",100,1,9,"MLnoASC"
"344...2547",26,0,9,"MLnoASC"
"354...2548",34,0,9,"MLnoASC"
"280...2549",100,1,10,"MLnoASC"
"325...2550",100,1,10,"MLnoASC"
"420...2551",98,1,10,"MLnoASC"
"520...2552",100,1,10,"MLnoASC"
"619...2553",96,1,10,"MLnoASC"
"719...2554",100,1,10,"MLnoASC"
"818...2555",100,1,10,"MLnoASC"
"918...2556",99,1,10,"MLnoASC"
"1018...2557",100,1,10,"MLnoASC"
"1117...2558",75,1,10,"MLnoASC"
"1217...2559",79,1,10,"MLnoASC"
"1317...2560",46,1,10,"MLnoASC"
"1417...2561",100,1,10,"MLnoASC"
"1516...2562",100,1,10,"MLnoASC"
"1616...2563",100,1,10,"MLnoASC"
"1716...2564",100,1,10,"MLnoASC"
"1816...2565",98,1,10,"MLnoASC"
"1916...2566",75,1,10,"MLnoASC"
"2016...2567",100,1,10,"MLnoASC"
"2116...2568",100,1,10,"MLnoASC"
"2216...2569",81,1,10,"MLnoASC"
"2316...2570",96,1,10,"MLnoASC"
"2416...2571",100,1,10,"MLnoASC"
"2516...2572",100,1,10,"MLnoASC"
"2615...2573",88,1,10,"MLnoASC"
"2710...2574",100,1,10,"MLnoASC"
"286...2575",98,1,10,"MLnoASC"
"296...2576",97,1,10,"MLnoASC"
"306...2577",100,1,10,"MLnoASC"
"3111...2578",100,1,10,"MLnoASC"
"326...2579",78,0,10,"MLnoASC"
"335...2580",59,0,10,"MLnoASC"
"345...2581",63,0,10,"MLnoASC"
"355...2582",56,0,10,"MLnoASC"
"363...2583",51,0,10,"MLnoASC"
"373...2584",68,0,10,"MLnoASC"
"287...2585",100,1,11,"MLnoASC"
"327...2586",100,1,11,"MLnoASC"
"423...2587",100,1,11,"MLnoASC"
"523...2588",81,1,11,"MLnoASC"
"620...2589",86,1,11,"MLnoASC"
"720...2590",100,1,11,"MLnoASC"
"819...2591",99,1,11,"MLnoASC"
"919...2592",89,1,11,"MLnoASC"
"1019...2593",49,1,11,"MLnoASC"
"1118...2594",75,1,11,"MLnoASC"
"1218...2595",94,1,11,"MLnoASC"
"1318...2596",100,1,11,"MLnoASC"
"1418...2597",100,1,11,"MLnoASC"
"1517...2598",50,1,11,"MLnoASC"
"1617...2599",100,1,11,"MLnoASC"
"1717...2600",68,1,11,"MLnoASC"
"1817...2601",100,1,11,"MLnoASC"
"1917...2602",86,1,11,"MLnoASC"
"2017...2603",81,1,11,"MLnoASC"
"2117...2604",92,1,11,"MLnoASC"
"2217...2605",65,1,11,"MLnoASC"
"2317...2606",100,1,11,"MLnoASC"
"2417...2607",86,1,11,"MLnoASC"
"288...2608",95,1,12,"MLnoASC"
"328...2609",100,1,12,"MLnoASC"
"424...2610",100,1,12,"MLnoASC"
"524...2611",91,1,12,"MLnoASC"
"622...2612",100,1,12,"MLnoASC"
"722...2613",67,1,12,"MLnoASC"
"820...2614",95,1,12,"MLnoASC"
"920...2615",100,1,12,"MLnoASC"
"1020...2616",100,1,12,"MLnoASC"
"1119...2617",64,1,12,"MLnoASC"
"1219...2618",100,1,12,"MLnoASC"
"1319...2619",97,1,12,"MLnoASC"
"1419...2620",87,1,12,"MLnoASC"
"1518...2621",96,1,12,"MLnoASC"
"1618...2622",100,1,12,"MLnoASC"
"1718...2623",86,1,12,"MLnoASC"
"1818...2624",99,1,12,"MLnoASC"
"1918...2625",89,1,12,"MLnoASC"
"2018...2626",100,1,12,"MLnoASC"
"2118...2627",98,1,12,"MLnoASC"
"2218...2628",84,1,12,"MLnoASC"
"2318...2629",95,1,12,"MLnoASC"
"2418...2630",99,1,12,"MLnoASC"
"2517...2631",91,1,12,"MLnoASC"
"2616...2632",99,1,12,"MLnoASC"
"2711...2633",100,1,12,"MLnoASC"
"289...2634",59,1,12,"MLnoASC"
"297...2635",58,1,12,"MLnoASC"
"307...2636",99,1,12,"MLnoASC"
"3112...2637",100,1,12,"MLnoASC"
"329...2638",100,1,12,"MLnoASC"
"336...2639",99,1,12,"MLnoASC"
"346...2640",88,0,12,"MLnoASC"
"356...2641",84,0,12,"MLnoASC"
"364...2642",35,0,12,"MLnoASC"
"374...2643",52,0,12,"MLnoASC"
"383...2644",80,0,12,"MLnoASC"
"393...2645",93,0,12,"MLnoASC"
"403...2646",100,0,12,"MLnoASC"
"4110...2647",100,0,12,"MLnoASC"
"425...2648",74,0,12,"MLnoASC"
"290...2649",96,1,13,"MLnoASC"
"330...2650",98,1,13,"MLnoASC"
"426...2651",91,1,13,"MLnoASC"
"525...2652",100,1,13,"MLnoASC"
"623...2653",100,1,13,"MLnoASC"
"723...2654",96,1,13,"MLnoASC"
"822...2655",98,1,13,"MLnoASC"
"922...2656",87,1,13,"MLnoASC"
"1022...2657",100,1,13,"MLnoASC"
"1120...2658",98,1,13,"MLnoASC"
"1220...2659",89,1,13,"MLnoASC"
"1320...2660",97,1,13,"MLnoASC"
"1420...2661",95,1,13,"MLnoASC"
"1519...2662",63,1,13,"MLnoASC"
"1619...2663",96,1,13,"MLnoASC"
"1719...2664",97,1,13,"MLnoASC"
"1819...2665",90,1,13,"MLnoASC"
"1919...2666",100,1,13,"MLnoASC"
"2019...2667",52,1,13,"MLnoASC"
"2119...2668",100,1,13,"MLnoASC"
"2219...2669",100,1,13,"MLnoASC"
"2319...2670",95,1,13,"MLnoASC"
"2419...2671",95,1,13,"MLnoASC"
"2518...2672",74,1,13,"MLnoASC"
"2617...2673",100,1,13,"MLnoASC"
"2712...2674",100,1,13,"MLnoASC"
"2810...2675",80,1,13,"MLnoASC"
"298...2676",100,1,13,"MLnoASC"
"308...2677",92,1,13,"MLnoASC"
"3113...2678",100,1,13,"MLnoASC"
"3210...2679",100,1,13,"MLnoASC"
"337...2680",100,1,13,"MLnoASC"
"347...2681",96,0,13,"MLnoASC"
"357...2682",65,0,13,"MLnoASC"
"365...2683",71,0,13,"MLnoASC"
"375...2684",60,0,13,"MLnoASC"
"299...2685",99,1,14,"MLnoASC"
"338...2686",88,1,14,"MLnoASC"
"427...2687",78,1,14,"MLnoASC"
"526...2688",99,1,14,"MLnoASC"
"624...2689",99,1,14,"MLnoASC"
"724...2690",100,1,14,"MLnoASC"
"823...2691",90,1,14,"MLnoASC"
"923...2692",100,1,14,"MLnoASC"
"1023...2693",99,1,14,"MLnoASC"
"1121...2694",100,1,14,"MLnoASC"
"1221...2695",100,1,14,"MLnoASC"
"1321...2696",100,1,14,"MLnoASC"
"1421...2697",100,1,14,"MLnoASC"
"1520...2698",100,1,14,"MLnoASC"
"1620...2699",100,1,14,"MLnoASC"
"1720...2700",100,1,14,"MLnoASC"
"1820...2701",47,1,14,"MLnoASC"
"1920...2702",100,1,14,"MLnoASC"
"2020...2703",100,1,14,"MLnoASC"
"2120...2704",100,1,14,"MLnoASC"
"2220...2705",100,1,14,"MLnoASC"
"2320...2706",100,1,14,"MLnoASC"
"2420...2707",99,1,14,"MLnoASC"
"2519...2708",86,1,14,"MLnoASC"
"2618...2709",100,1,14,"MLnoASC"
"2713...2710",100,1,14,"MLnoASC"
"2811...2711",77,1,14,"MLnoASC"
"2910...2712",100,1,14,"MLnoASC"
"309...2713",100,1,14,"MLnoASC"
"3114...2714",94,1,14,"MLnoASC"
"3211...2715",99,1,14,"MLnoASC"
"339...2716",86,1,14,"MLnoASC"
"348...2717",97,1,14,"MLnoASC"
"358...2718",99,1,14,"MLnoASC"
"366...2719",100,1,14,"MLnoASC"
"376...2720",96,1,14,"MLnoASC"
"384...2721",100,1,14,"MLnoASC"
"394...2722",100,1,14,"MLnoASC"
"404...2723",85,0,14,"MLnoASC"
"4111...2724",90,0,14,"MLnoASC"
"428...2725",99,0,14,"MLnoASC"
"433...2726",74,0,14,"MLnoASC"
"443...2727",54,0,14,"MLnoASC"
"453...2728",66,0,14,"MLnoASC"
"463...2729",37,0,14,"MLnoASC"
"473...2730",34,0,14,"MLnoASC"
"483...2731",47,0,14,"MLnoASC"
"493...2732",89,0,14,"MLnoASC"
"503...2733",81,0,14,"MLnoASC"
"5110...2734",76,0,14,"MLnoASC"
"527...2735",95,0,14,"MLnoASC"
"533...2736",80,0,14,"MLnoASC"
"543...2737",100,0,14,"MLnoASC"
"553...2738",78,0,14,"MLnoASC"
"563...2739",74,0,14,"MLnoASC"
"573...2740",86,0,14,"MLnoASC"
"582...2741",85,0,14,"MLnoASC"
"592...2742",93,0,14,"MLnoASC"
"602...2743",68,0,14,"MLnoASC"
"2100...2744",100,1,15,"MLnoASC"
"340...2745",99,1,15,"MLnoASC"
"429...2746",94,1,15,"MLnoASC"
"528...2747",100,1,15,"MLnoASC"
"625...2748",99,1,15,"MLnoASC"
"725...2749",100,1,15,"MLnoASC"
"824...2750",84,1,15,"MLnoASC"
"924...2751",100,1,15,"MLnoASC"
"1024...2752",94,1,15,"MLnoASC"
"1122...2753",100,1,15,"MLnoASC"
"1222...2754",100,1,15,"MLnoASC"
"1322...2755",100,1,15,"MLnoASC"
"1422...2756",99,1,15,"MLnoASC"
"1521...2757",100,1,15,"MLnoASC"
"1621...2758",100,1,15,"MLnoASC"
"1721...2759",100,1,15,"MLnoASC"
"1821...2760",97,0,15,"MLnoASC"
"1921...2761",51,0,15,"MLnoASC"
"2021...2762",30,0,15,"MLnoASC"
"2121...2763",100,0,15,"MLnoASC"
"2221...2764",100,0,15,"MLnoASC"
"2321...2765",80,0,15,"MLnoASC"
"2421...2766",75,0,15,"MLnoASC"
"2520...2767",99,0,15,"MLnoASC"
"2619...2768",90,0,15,"MLnoASC"
"2714...2769",100,0,15,"MLnoASC"
"2812...2770",99,0,15,"MLnoASC"
"2911...2771",96,0,15,"MLnoASC"
"3010...2772",68,0,15,"MLnoASC"
"3115...2773",97,0,15,"MLnoASC"
"3212...2774",77,0,15,"MLnoASC"
"3310...2775",100,0,15,"MLnoASC"
"349...2776",48,0,15,"MLnoASC"
"359...2777",35,0,15,"MLnoASC"
"367...2778",52,0,15,"MLnoASC"
"377...2779",100,0,15,"MLnoASC"
"385...2780",71,0,15,"MLnoASC"
"395...2781",68,0,15,"MLnoASC"
"405...2782",97,0,15,"MLnoASC"
"4112...2783",100,0,15,"MLnoASC"
"2101...2784",100,1,16,"MLnoASC"
"350...2785",100,1,16,"MLnoASC"
"430...2786",100,1,16,"MLnoASC"
"529...2787",65,1,16,"MLnoASC"
"626...2788",100,1,16,"MLnoASC"
"726...2789",100,1,16,"MLnoASC"
"825...2790",100,1,16,"MLnoASC"
"2102...2791",100,1,17,"MLnoASC"
"360...2792",78,1,17,"MLnoASC"
"434...2793",100,1,17,"MLnoASC"
"530...2794",64,1,17,"MLnoASC"
"627...2795",82,1,17,"MLnoASC"
"727...2796",96,1,17,"MLnoASC"
"826...2797",99,1,17,"MLnoASC"
"925...2798",85,1,17,"MLnoASC"
"1025...2799",68,1,17,"MLnoASC"
"1123...2800",100,1,17,"MLnoASC"
"1223...2801",97,1,17,"MLnoASC"
"1323...2802",91,1,17,"MLnoASC"
"1423...2803",67,1,17,"MLnoASC"
"1522...2804",100,1,17,"MLnoASC"
"1622...2805",99,1,17,"MLnoASC"
"1722...2806",99,1,17,"MLnoASC"
"1822...2807",99,1,17,"MLnoASC"
"1922...2808",91,1,17,"MLnoASC"
"2022...2809",95,1,17,"MLnoASC"
"2122...2810",99,1,17,"MLnoASC"
"2222...2811",98,1,17,"MLnoASC"
"2322...2812",100,1,17,"MLnoASC"
"2422...2813",100,1,17,"MLnoASC"
"2521...2814",100,1,17,"MLnoASC"
"2620...2815",64,0,17,"MLnoASC"
"2715...2816",27,0,17,"MLnoASC"
"2813...2817",47,0,17,"MLnoASC"
"2912...2818",56,0,17,"MLnoASC"
"3011...2819",68,0,17,"MLnoASC"
"3116...2820",53,0,17,"MLnoASC"
"3213...2821",67,0,17,"MLnoASC"
"3311...2822",66,0,17,"MLnoASC"
"2103...2823",100,1,18,"MLnoASC"
"368...2824",100,1,18,"MLnoASC"
"435...2825",100,1,18,"MLnoASC"
"534...2826",79,1,18,"MLnoASC"
"628...2827",100,1,18,"MLnoASC"
"728...2828",100,1,18,"MLnoASC"
"827...2829",100,1,18,"MLnoASC"
"926...2830",100,1,18,"MLnoASC"
"1026...2831",100,1,18,"MLnoASC"
"1124...2832",98,1,18,"MLnoASC"
"1224...2833",100,1,18,"MLnoASC"
"1324...2834",100,1,18,"MLnoASC"
"1424...2835",100,1,18,"MLnoASC"
"1523...2836",100,1,18,"MLnoASC"
"1623...2837",100,1,18,"MLnoASC"
"1723...2838",100,1,18,"MLnoASC"
"1823...2839",100,1,18,"MLnoASC"
"1923...2840",98,1,18,"MLnoASC"
"2023...2841",100,1,18,"MLnoASC"
"2123...2842",100,1,18,"MLnoASC"
"2223...2843",94,1,18,"MLnoASC"
"2323...2844",100,1,18,"MLnoASC"
"2423...2845",100,1,18,"MLnoASC"
"2522...2846",79,1,18,"MLnoASC"
"2621...2847",100,1,18,"MLnoASC"
"2716...2848",59,1,18,"MLnoASC"
"2814...2849",99,1,18,"MLnoASC"
"2913...2850",70,1,18,"MLnoASC"
"3012...2851",93,1,18,"MLnoASC"
"3117...2852",100,1,18,"MLnoASC"
"3214...2853",100,1,18,"MLnoASC"
"3312...2854",100,1,18,"MLnoASC"
"3410...2855",65,1,18,"MLnoASC"
"3510...2856",100,1,18,"MLnoASC"
"369...2857",100,1,18,"MLnoASC"
"378...2858",100,1,18,"MLnoASC"
"386...2859",55,1,18,"MLnoASC"
"396...2860",100,1,18,"MLnoASC"
"406...2861",100,1,18,"MLnoASC"
"4113...2862",95,1,18,"MLnoASC"
"4210...2863",96,1,18,"MLnoASC"
"436...2864",96,1,18,"MLnoASC"
"444...2865",100,1,18,"MLnoASC"
"454...2866",100,1,18,"MLnoASC"
"464...2867",100,1,18,"MLnoASC"
"474...2868",100,1,18,"MLnoASC"
"484...2869",100,1,18,"MLnoASC"
"494...2870",100,1,18,"MLnoASC"
"504...2871",56,1,18,"MLnoASC"
"5111...2872",57,1,18,"MLnoASC"
"5210...2873",100,1,18,"MLnoASC"
"535...2874",100,1,18,"MLnoASC"
"544...2875",100,1,18,"MLnoASC"
"554...2876",100,1,18,"MLnoASC"
"564...2877",94,1,18,"MLnoASC"
"574...2878",100,1,18,"MLnoASC"
"583...2879",100,1,18,"MLnoASC"
"593...2880",100,1,18,"MLnoASC"
"603...2881",100,1,18,"MLnoASC"
"6110...2882",99,1,18,"MLnoASC"
"629...2883",100,1,18,"MLnoASC"
"632...2884",100,1,18,"MLnoASC"
"642...2885",100,1,18,"MLnoASC"
"652...2886",100,1,18,"MLnoASC"
"662...2887",53,1,18,"MLnoASC"
"672...2888",100,1,18,"MLnoASC"
"682...2889",100,1,18,"MLnoASC"
"692...2890",100,1,18,"MLnoASC"
"702...2891",94,1,18,"MLnoASC"
"7110...2892",100,1,18,"MLnoASC"
"729...2893",100,1,18,"MLnoASC"
"732...2894",100,1,18,"MLnoASC"
"742...2895",100,1,18,"MLnoASC"
"752...2896",100,1,18,"MLnoASC"
"762...2897",91,1,18,"MLnoASC"
"772...2898",100,1,18,"MLnoASC"
"782...2899",100,1,18,"MLnoASC"
"792...2900",100,1,18,"MLnoASC"
"802...2901",100,1,18,"MLnoASC"
"8110...2902",100,1,18,"MLnoASC"
"828...2903",100,1,18,"MLnoASC"
"832...2904",79,1,18,"MLnoASC"
"842...2905",100,1,18,"MLnoASC"
"852...2906",100,1,18,"MLnoASC"
"862...2907",43,0,18,"MLnoASC"
"872...2908",100,0,18,"MLnoASC"
"882...2909",54,0,18,"MLnoASC"
"892...2910",100,0,18,"MLnoASC"
"902...2911",53,0,18,"MLnoASC"
"2104...2912",62,1,19,"MLnoASC"
"370...2913",100,1,19,"MLnoASC"
"437...2914",62,1,19,"MLnoASC"
"536...2915",100,1,19,"MLnoASC"
"630...2916",100,1,19,"MLnoASC"
"730...2917",100,1,19,"MLnoASC"
"829...2918",96,1,19,"MLnoASC"
"927...2919",88,1,19,"MLnoASC"
"1027...2920",100,1,19,"MLnoASC"
"1125...2921",84,1,19,"MLnoASC"
"1225...2922",99,1,19,"MLnoASC"
"1325...2923",100,1,19,"MLnoASC"
"1425...2924",100,1,19,"MLnoASC"
"1524...2925",94,1,19,"MLnoASC"
"1624...2926",98,1,19,"MLnoASC"
"1724...2927",100,1,19,"MLnoASC"
"1824...2928",99,1,19,"MLnoASC"
"1924...2929",100,1,19,"MLnoASC"
"2024...2930",57,1,19,"MLnoASC"
"2124...2931",100,1,19,"MLnoASC"
"2224...2932",100,1,19,"MLnoASC"
"2324...2933",100,1,19,"MLnoASC"
"2424...2934",99,1,19,"MLnoASC"
"2523...2935",93,1,19,"MLnoASC"
"2622...2936",98,1,19,"MLnoASC"
"2717...2937",72,1,19,"MLnoASC"
"2815...2938",61,1,19,"MLnoASC"
"2914...2939",88,1,19,"MLnoASC"
"3013...2940",99,1,19,"MLnoASC"
"3118...2941",58,1,19,"MLnoASC"
"3215...2942",100,1,19,"MLnoASC"
"3313...2943",100,1,19,"MLnoASC"
"3411...2944",100,1,19,"MLnoASC"
"3511...2945",100,1,19,"MLnoASC"
"3610...2946",100,1,19,"MLnoASC"
"379...2947",100,1,19,"MLnoASC"
"387...2948",91,1,19,"MLnoASC"
"397...2949",70,1,19,"MLnoASC"
"407...2950",100,1,19,"MLnoASC"
"4114...2951",100,1,19,"MLnoASC"
"4211...2952",100,1,19,"MLnoASC"
"438...2953",66,1,19,"MLnoASC"
"445...2954",65,1,19,"MLnoASC"
"455...2955",100,1,19,"MLnoASC"
"465...2956",100,1,19,"MLnoASC"
"475...2957",100,1,19,"MLnoASC"
"485...2958",100,1,19,"MLnoASC"
"495...2959",100,1,19,"MLnoASC"
"505...2960",100,1,19,"MLnoASC"
"5112...2961",94,0,19,"MLnoASC"
"2105...2962",100,1,20,"MLnoASC"
"380...2963",100,1,20,"MLnoASC"
"439...2964",100,1,20,"MLnoASC"
"537...2965",100,1,20,"MLnoASC"
"633...2966",100,1,20,"MLnoASC"
"733...2967",100,1,20,"MLnoASC"
"830...2968",98,1,20,"MLnoASC"
"928...2969",100,1,20,"MLnoASC"
"1028...2970",100,1,20,"MLnoASC"
"1126...2971",94,1,20,"MLnoASC"
"1226...2972",100,1,20,"MLnoASC"
"1326...2973",100,1,20,"MLnoASC"
"1426...2974",100,1,20,"MLnoASC"
"1525...2975",100,1,20,"MLnoASC"
"1625...2976",100,1,20,"MLnoASC"
"1725...2977",98,1,20,"MLnoASC"
"1825...2978",100,1,20,"MLnoASC"
"1925...2979",100,1,20,"MLnoASC"
"2025...2980",100,1,20,"MLnoASC"
"2125...2981",100,1,20,"MLnoASC"
"2225...2982",100,1,20,"MLnoASC"
"2325...2983",100,1,20,"MLnoASC"
"2425...2984",100,1,20,"MLnoASC"
"2524...2985",100,1,20,"MLnoASC"
"2623...2986",100,1,20,"MLnoASC"
"2718...2987",100,1,20,"MLnoASC"
"2816...2988",100,1,20,"MLnoASC"
"2915...2989",100,1,20,"MLnoASC"
"3014...2990",100,1,20,"MLnoASC"
"3119...2991",98,1,20,"MLnoASC"
"3216...2992",94,1,20,"MLnoASC"
"3314...2993",100,1,20,"MLnoASC"
"3412...2994",100,1,20,"MLnoASC"
"3512...2995",100,1,20,"MLnoASC"
"3611...2996",100,1,20,"MLnoASC"
"3710...2997",87,1,20,"MLnoASC"
"388...2998",98,1,20,"MLnoASC"
"398...2999",100,1,20,"MLnoASC"
"408...3000",100,1,20,"MLnoASC"
"4115...3001",100,1,20,"MLnoASC"
"4212...3002",98,1,20,"MLnoASC"
"4310...3003",96,1,20,"MLnoASC"
"446...3004",100,1,20,"MLnoASC"
"456...3005",100,1,20,"MLnoASC"
"466...3006",100,1,20,"MLnoASC"
"476...3007",100,1,20,"MLnoASC"
"486...3008",100,1,20,"MLnoASC"
"496...3009",100,1,20,"MLnoASC"
"506...3010",99,1,20,"MLnoASC"
"5113...3011",100,1,20,"MLnoASC"
"5211...3012",100,1,20,"MLnoASC"
"538...3013",100,1,20,"MLnoASC"
"545...3014",92,1,20,"MLnoASC"
"555...3015",100,1,20,"MLnoASC"
"565...3016",100,1,20,"MLnoASC"
"575...3017",100,1,20,"MLnoASC"
"584...3018",78,0,20,"MLnoASC"
"594...3019",74,0,20,"MLnoASC"
"604...3020",100,0,20,"MLnoASC"
"6111...3021",97,0,20,"MLnoASC"
"6210...3022",78,0,20,"MLnoASC"
"634...3023",100,0,20,"MLnoASC"
"643...3024",87,0,20,"MLnoASC"
"653...3025",79,0,20,"MLnoASC"
"663...3026",97,0,20,"MLnoASC"
"673...3027",77,0,20,"MLnoASC"
"683...3028",99,0,20,"MLnoASC"
"693...3029",95,0,20,"MLnoASC"
"703...3030",98,0,20,"MLnoASC"
"7111...3031",90,0,20,"MLnoASC"
"7210...3032",90,0,20,"MLnoASC"
"734...3033",45,0,20,"MLnoASC"
"743...3034",33,0,20,"MLnoASC"
"753...3035",16,0,20,"MLnoASC"
"763...3036",32,0,20,"MLnoASC"
"773...3037",26,0,20,"MLnoASC"
"783...3038",38,0,20,"MLnoASC"
"793...3039",100,0,20,"MLnoASC"
"803...3040",47,0,20,"MLnoASC"
"8111...3041",48,0,20,"MLnoASC"
"8210...3042",52,0,20,"MLnoASC"
"833...3043",77,0,20,"MLnoASC"
"843...3044",100,0,20,"MLnoASC"
"853...3045",77,0,20,"MLnoASC"
"863...3046",99,0,20,"MLnoASC"
"873...3047",100,0,20,"MLnoASC"
"883...3048",100,0,20,"MLnoASC"
"893...3049",98,0,20,"MLnoASC"
"903...3050",89,0,20,"MLnoASC"
"9110...3051",100,0,20,"MLnoASC"
"929...3052",96,0,20,"MLnoASC"
"2106...3053",100,1,21,"MLnoASC"
"389...3054",99,1,21,"MLnoASC"
"440...3055",62,1,21,"MLnoASC"
"539...3056",100,1,21,"MLnoASC"
"635...3057",99,1,21,"MLnoASC"
"735...3058",100,1,21,"MLnoASC"
"834...3059",100,1,21,"MLnoASC"
"930...3060",100,1,21,"MLnoASC"
"1029...3061",100,1,21,"MLnoASC"
"1127...3062",100,1,21,"MLnoASC"
"1227...3063",100,1,21,"MLnoASC"
"1327...3064",100,1,21,"MLnoASC"
"1427...3065",100,1,21,"MLnoASC"
"1526...3066",100,0,21,"MLnoASC"
"1626...3067",86,0,21,"MLnoASC"
"1726...3068",100,0,21,"MLnoASC"
"1826...3069",50,0,21,"MLnoASC"
"2107...3070",100,1,22,"MLnoASC"
"390...3071",100,1,22,"MLnoASC"
"447...3072",100,1,22,"MLnoASC"
"540...3073",77,1,22,"MLnoASC"
"636...3074",85,1,22,"MLnoASC"
"736...3075",91,1,22,"MLnoASC"
"835...3076",90,1,22,"MLnoASC"
"932...3077",100,1,22,"MLnoASC"
"1030...3078",92,1,22,"MLnoASC"
"1128...3079",100,1,22,"MLnoASC"
"1228...3080",100,1,22,"MLnoASC"
"1328...3081",100,1,22,"MLnoASC"
"1428...3082",98,1,22,"MLnoASC"
"1527...3083",100,1,22,"MLnoASC"
"1627...3084",100,1,22,"MLnoASC"
"1727...3085",100,1,22,"MLnoASC"
"1827...3086",100,1,22,"MLnoASC"
"1926...3087",100,1,22,"MLnoASC"
"2026...3088",100,1,22,"MLnoASC"
"2126...3089",100,1,22,"MLnoASC"
"2226...3090",100,1,22,"MLnoASC"
"2326...3091",99,1,22,"MLnoASC"
"2426...3092",100,1,22,"MLnoASC"
"2525...3093",100,1,22,"MLnoASC"
"2624...3094",100,1,22,"MLnoASC"
"2719...3095",100,1,22,"MLnoASC"
"2817...3096",80,1,22,"MLnoASC"
"2916...3097",100,1,22,"MLnoASC"
"3015...3098",100,1,22,"MLnoASC"
"3120...3099",100,1,22,"MLnoASC"
"3217...3100",100,1,22,"MLnoASC"
"3315...3101",100,1,22,"MLnoASC"
"3413...3102",100,1,22,"MLnoASC"
"3513...3103",100,1,22,"MLnoASC"
"3612...3104",99,1,22,"MLnoASC"
"3711...3105",100,1,22,"MLnoASC"
"3810...3106",100,1,22,"MLnoASC"
"399...3107",100,1,22,"MLnoASC"
"409...3108",100,1,22,"MLnoASC"
"4116...3109",98,1,22,"MLnoASC"
"4213...3110",100,1,22,"MLnoASC"
